Path,Bytes,SHA-256,Category
"artifacts/preprocessors/feature_mask.json",2852,5f332f52c7e1abba9f3306f50faedc3f6db0276f9e580749ba739bc85016224f,"Compatibility Assets"
"artifacts/preprocessors/feature_names.json",1462,fe36589ce33a64aa7a4eed643dcd0181469c0dc43e629943a0a6b79195b79046,"Compatibility Assets"
"artifacts/preprocessors/training_bounds.parquet",3552,9554f1b0287c88b5ef7b8de19d193184f2d76eec2b4d96f1fa525818cffb275b,"Compatibility Assets"
"artifacts/preprocessors/afp_benign_profile.parquet",3576,352062117c553546596affc2b9cfc2ff6253805c22057811beacbca464d182cf,"Compatibility Assets"
"artifacts/preprocessors/standard_scaler.joblib",2487,8999376cdf97c2047d9eb1a9ed245fb645bcb3af46b0c2e7cc07e3124a037fc2,"Compatibility Assets"
"artifacts/models/frozen_rf.sha256",64,dfe3d35afaf07f7c71783a2498c7c6c8554f3bdc373df2fd19978fc42ea3c467,"Compatibility Assets"
"artifacts/reports/preprocessing_report.md",1221,a1f2fc8af38e3144062ef252a6f55aa78681ab659c0b91f66a33a7af1b85566d,"Compatibility Assets"
"artifacts/reports/evaluation_batches_report.md",1151,ddec2a629e39d95f47dd0a8c31232889c6b4fda4c3e44bb68df818310af432f0,"Compatibility Assets"
"OMISSIONS.md",935,69865bd1671c9dc6f74e6b38e2c83e4ae599c8f048cee1b7f01b08c43f908b2e,"Generated Handoff"
"docs/IMPLEMENTATION_DECISIONS.md",7423,c8c96d2c039dff1fbf7b632429ab1927c21414e391354cac68971c8c81549cca,"Reference"
"docs/EXPERIMENT_PROTOCOL.md",5292,775fd2c5d409e9337aeb31251e111363d8b9f3b06148fce54bce5bc96bb59f1a,"Reference"
"DATA_CONTRACT.json",2242,44bee8dfac2e8749878b2bf50bf243a3ceab58e8e6c90d096bc58056f2d9d62b,"Generated Handoff"
"configs/attacks.yaml",5162,fbd596219990125d8a75da0b1d0e35bdd82c1429052407115ab2ab4f4f91cd2b,"Reference"
"configs/defenses.yaml",1774,43c21344140233d8ba90d78eff345741ef825a68ee8232c9cf32220309f5a7ff,"Reference"
"configs/experiment.yaml",1905,a1c5a389b1bc3c66311c7a96a7ccc3ee54af86506e64b38be7f26ad3c3d84c70,"Reference"
"DATA_PACKAGE_README.md",3004,e3dbb3496faf40aedf5ef85ad3daaf26770156cf19a46ec9704f78d73fb12b80,"Generated Handoff"
"data/manifests/evaluation_partition_manifest.json",2102,0a188a34d4b817e0d205b2b52451367d0857335bc65f9159bfcca71c37fee21b,"Export Data"
"data/manifests/evaluation_batches.csv",6390312,4084017e5593732e455763416f7fc38254fc9dab2466eca289b66e68dc0ff79a,"Export Data"
"data/manifests/evaluation_roles.csv",8131391,cbf650879aa1369fa26b803777f30d4b0add9e7aff2c05d399ba7f42563f7b45,"Export Data"
"data/processed/metadata_eval.parquet",739359,b213bb0f110b2beeccbd0b2c17618e2a3b7ec6437ac3a78f25a3e4cb94726fca,"Export Data"
"data/processed/X_eval.parquet",10066138,cd509adc96828fc9fbcf3d51546b394194a5f2b8bd71a9375395bf2ab28c3241,"Export Data"
"VALIDATION_REPORT.md",1423,9ed10e3d849b67920156a3144ad2b2e1ce6a71494b17253d5ad15654170a889e,"Generated Handoff"
