output_artifact,output_row_or_figure,defense,attack,controller,metric,source_filename,source_composite_key,source_value,generated_value,displayed_rounded_value,match_status
phase11c_rq1.csv,afp_SilentProbing,afp,SilentProbing,Base,precision,primary_batch_level.csv,afp_SilentProbing_Base_mean_precision,0.9991764891219743,0.9991764891219743,99.92%,PASS
phase11c_rq1.csv,afp_SilentProbing,afp,SilentProbing,Base,recall,primary_batch_level.csv,afp_SilentProbing_Base_mean_recall,0.8065967472260223,0.8065967472260223,80.66%,PASS
phase11c_rq1.csv,afp_SilentProbing,afp,SilentProbing,Base,f1_score,primary_batch_level.csv,afp_SilentProbing_Base_mean_f1_score,0.892057027140258,0.892057027140258,89.21%,PASS
phase11c_rq2.csv,afp_SilentProbing,afp,SilentProbing,C1,precision,primary_batch_level.csv,afp_SilentProbing_C1_mean_precision,0.9959003587697822,0.9959003587697822,99.59%,PASS
phase11c_rq2.csv,afp_SilentProbing,afp,SilentProbing,C1,recall,primary_batch_level.csv,afp_SilentProbing_C1_mean_recall,0.9369518543851652,0.9369518543851652,93.70%,PASS
phase11c_rq2.csv,afp_SilentProbing,afp,SilentProbing,C1,f1_score,primary_batch_level.csv,afp_SilentProbing_C1_mean_f1_score,0.9652922435787711,0.9652922435787711,96.53%,PASS
phase11c_rq1.csv,afp_SurrogateTransfer,afp,SurrogateTransfer,Base,precision,primary_batch_level.csv,afp_SurrogateTransfer_Base_mean_precision,0.9993340106656606,0.9993340106656606,99.93%,PASS
phase11c_rq1.csv,afp_SurrogateTransfer,afp,SurrogateTransfer,Base,recall,primary_batch_level.csv,afp_SurrogateTransfer_Base_mean_recall,0.8061987004103965,0.8061987004103965,80.62%,PASS
phase11c_rq1.csv,afp_SurrogateTransfer,afp,SurrogateTransfer,Base,f1_score,primary_batch_level.csv,afp_SurrogateTransfer_Base_mean_f1_score,0.8918739724904378,0.8918739724904378,89.19%,PASS
phase11c_rq2.csv,afp_SurrogateTransfer,afp,SurrogateTransfer,C1,precision,primary_batch_level.csv,afp_SurrogateTransfer_C1_mean_precision,0.9960611172907117,0.9960611172907117,99.61%,PASS
phase11c_rq2.csv,afp_SurrogateTransfer,afp,SurrogateTransfer,C1,recall,primary_batch_level.csv,afp_SurrogateTransfer_C1_mean_recall,0.9364035187718498,0.9364035187718498,93.64%,PASS
phase11c_rq2.csv,afp_SurrogateTransfer,afp,SurrogateTransfer,C1,f1_score,primary_batch_level.csv,afp_SurrogateTransfer_C1_mean_f1_score,0.9650772397081013,0.9650772397081013,96.51%,PASS
phase11c_rq1.csv,afp_DecisionBoundary,afp,DecisionBoundary,Base,precision,primary_batch_level.csv,afp_DecisionBoundary_Base_mean_precision,0.9993437022077283,0.9993437022077283,99.93%,PASS
phase11c_rq1.csv,afp_DecisionBoundary,afp,DecisionBoundary,Base,recall,primary_batch_level.csv,afp_DecisionBoundary_Base_mean_recall,0.7939667882656939,0.7939667882656939,79.40%,PASS
phase11c_rq1.csv,afp_DecisionBoundary,afp,DecisionBoundary,Base,f1_score,primary_batch_level.csv,afp_DecisionBoundary_Base_mean_f1_score,0.8843371208676079,0.8843371208676079,88.43%,PASS
phase11c_rq2.csv,afp_DecisionBoundary,afp,DecisionBoundary,C1,precision,primary_batch_level.csv,afp_DecisionBoundary_C1_mean_precision,0.9952068467304738,0.9952068467304738,99.52%,PASS
phase11c_rq2.csv,afp_DecisionBoundary,afp,DecisionBoundary,C1,recall,primary_batch_level.csv,afp_DecisionBoundary_C1_mean_recall,0.9224525003799969,0.9224525003799969,92.25%,PASS
phase11c_rq2.csv,afp_DecisionBoundary,afp,DecisionBoundary,C1,f1_score,primary_batch_level.csv,afp_DecisionBoundary_C1_mean_f1_score,0.957171629275357,0.957171629275357,95.72%,PASS
phase11c_rq1.csv,feature_squeezing_SilentProbing,feature_squeezing,SilentProbing,Base,precision,primary_batch_level.csv,feature_squeezing_SilentProbing_Base_mean_precision,0.9986138903144712,0.9986138903144712,99.86%,PASS
phase11c_rq1.csv,feature_squeezing_SilentProbing,feature_squeezing,SilentProbing,Base,recall,primary_batch_level.csv,feature_squeezing_SilentProbing_Base_mean_recall,0.931857045143639,0.931857045143639,93.19%,PASS
phase11c_rq1.csv,feature_squeezing_SilentProbing,feature_squeezing,SilentProbing,Base,f1_score,primary_batch_level.csv,feature_squeezing_SilentProbing_Base_mean_f1_score,0.9638849123625002,0.9638849123625002,96.39%,PASS
phase11c_rq2.csv,feature_squeezing_SilentProbing,feature_squeezing,SilentProbing,C1,precision,primary_batch_level.csv,feature_squeezing_SilentProbing_C1_mean_precision,0.9974197511675832,0.9974197511675832,99.74%,PASS
phase11c_rq2.csv,feature_squeezing_SilentProbing,feature_squeezing,SilentProbing,C1,recall,primary_batch_level.csv,feature_squeezing_SilentProbing_C1_mean_recall,0.9393619851041191,0.9393619851041191,93.94%,PASS
phase11c_rq2.csv,feature_squeezing_SilentProbing,feature_squeezing,SilentProbing,C1,f1_score,primary_batch_level.csv,feature_squeezing_SilentProbing_C1_mean_f1_score,0.967350063896965,0.967350063896965,96.74%,PASS
phase11c_rq1.csv,feature_squeezing_SurrogateTransfer,feature_squeezing,SurrogateTransfer,Base,precision,primary_batch_level.csv,feature_squeezing_SurrogateTransfer_Base_mean_precision,0.9986138903144712,0.9986138903144712,99.86%,PASS
phase11c_rq1.csv,feature_squeezing_SurrogateTransfer,feature_squeezing,SurrogateTransfer,Base,recall,primary_batch_level.csv,feature_squeezing_SurrogateTransfer_Base_mean_recall,0.931857045143639,0.931857045143639,93.19%,PASS
phase11c_rq1.csv,feature_squeezing_SurrogateTransfer,feature_squeezing,SurrogateTransfer,Base,f1_score,primary_batch_level.csv,feature_squeezing_SurrogateTransfer_Base_mean_f1_score,0.9638849123625002,0.9638849123625002,96.39%,PASS
phase11c_rq2.csv,feature_squeezing_SurrogateTransfer,feature_squeezing,SurrogateTransfer,C1,precision,primary_batch_level.csv,feature_squeezing_SurrogateTransfer_C1_mean_precision,0.9974197511675832,0.9974197511675832,99.74%,PASS
phase11c_rq2.csv,feature_squeezing_SurrogateTransfer,feature_squeezing,SurrogateTransfer,C1,recall,primary_batch_level.csv,feature_squeezing_SurrogateTransfer_C1_mean_recall,0.9392802857577139,0.9392802857577139,93.93%,PASS
phase11c_rq2.csv,feature_squeezing_SurrogateTransfer,feature_squeezing,SurrogateTransfer,C1,f1_score,primary_batch_level.csv,feature_squeezing_SurrogateTransfer_C1_mean_f1_score,0.9673059012620873,0.9673059012620873,96.73%,PASS
phase11c_rq1.csv,feature_squeezing_DecisionBoundary,feature_squeezing,DecisionBoundary,Base,precision,primary_batch_level.csv,feature_squeezing_DecisionBoundary_Base_mean_precision,0.9985905820759795,0.9985905820759795,99.86%,PASS
phase11c_rq1.csv,feature_squeezing_DecisionBoundary,feature_squeezing,DecisionBoundary,Base,recall,primary_batch_level.csv,feature_squeezing_DecisionBoundary_Base_mean_recall,0.9165990272077824,0.9165990272077824,91.66%,PASS
phase11c_rq1.csv,feature_squeezing_DecisionBoundary,feature_squeezing,DecisionBoundary,Base,f1_score,primary_batch_level.csv,feature_squeezing_DecisionBoundary_Base_mean_f1_score,0.9555932918457856,0.9555932918457856,95.56%,PASS
phase11c_rq2.csv,feature_squeezing_DecisionBoundary,feature_squeezing,DecisionBoundary,C1,precision,primary_batch_level.csv,feature_squeezing_DecisionBoundary_C1_mean_precision,0.9969777927690905,0.9969777927690905,99.70%,PASS
phase11c_rq2.csv,feature_squeezing_DecisionBoundary,feature_squeezing,DecisionBoundary,C1,recall,primary_batch_level.csv,feature_squeezing_DecisionBoundary_C1_mean_recall,0.924904430764554,0.924904430764554,92.49%,PASS
phase11c_rq2.csv,feature_squeezing_DecisionBoundary,feature_squeezing,DecisionBoundary,C1,f1_score,primary_batch_level.csv,feature_squeezing_DecisionBoundary_C1_mean_f1_score,0.9593708287127694,0.9593708287127694,95.94%,PASS
phase11c_rq1.csv,randomized_smoothing_SilentProbing,randomized_smoothing,SilentProbing,Base,precision,primary_batch_level.csv,randomized_smoothing_SilentProbing_Base_mean_precision,0.9994821372161932,0.9994821372161932,99.95%,PASS
phase11c_rq1.csv,randomized_smoothing_SilentProbing,randomized_smoothing,SilentProbing,Base,recall,primary_batch_level.csv,randomized_smoothing_SilentProbing_Base_mean_recall,0.8094626842985257,0.8094626842985257,80.95%,PASS
phase11c_rq1.csv,randomized_smoothing_SilentProbing,randomized_smoothing,SilentProbing,Base,f1_score,primary_batch_level.csv,randomized_smoothing_SilentProbing_Base_mean_f1_score,0.8939393134203428,0.8939393134203428,89.39%,PASS
phase11c_rq2.csv,randomized_smoothing_SilentProbing,randomized_smoothing,SilentProbing,C1,precision,primary_batch_level.csv,randomized_smoothing_SilentProbing_C1_mean_precision,0.9963811051091317,0.9963811051091317,99.64%,PASS
phase11c_rq2.csv,randomized_smoothing_SilentProbing,randomized_smoothing,SilentProbing,C1,recall,primary_batch_level.csv,randomized_smoothing_SilentProbing_C1_mean_recall,0.9368378552971578,0.9368378552971578,93.68%,PASS
phase11c_rq2.csv,randomized_smoothing_SilentProbing,randomized_smoothing,SilentProbing,C1,f1_score,primary_batch_level.csv,randomized_smoothing_SilentProbing_C1_mean_f1_score,0.9654658051053946,0.9654658051053946,96.55%,PASS
phase11c_rq1.csv,randomized_smoothing_SurrogateTransfer,randomized_smoothing,SurrogateTransfer,Base,precision,primary_batch_level.csv,randomized_smoothing_SurrogateTransfer_Base_mean_precision,0.9994784273589326,0.9994784273589326,99.95%,PASS
phase11c_rq1.csv,randomized_smoothing_SurrogateTransfer,randomized_smoothing,SurrogateTransfer,Base,recall,primary_batch_level.csv,randomized_smoothing_SurrogateTransfer_Base_mean_recall,0.8106060951512388,0.8106060951512388,81.06%,PASS
phase11c_rq1.csv,randomized_smoothing_SurrogateTransfer,randomized_smoothing,SurrogateTransfer,Base,f1_score,primary_batch_level.csv,randomized_smoothing_SurrogateTransfer_Base_mean_f1_score,0.894664599667344,0.894664599667344,89.47%,PASS
phase11c_rq2.csv,randomized_smoothing_SurrogateTransfer,randomized_smoothing,SurrogateTransfer,C1,precision,primary_batch_level.csv,randomized_smoothing_SurrogateTransfer_C1_mean_precision,0.9961207404538635,0.9961207404538635,99.61%,PASS
phase11c_rq2.csv,randomized_smoothing_SurrogateTransfer,randomized_smoothing,SurrogateTransfer,C1,recall,primary_batch_level.csv,randomized_smoothing_SurrogateTransfer_C1_mean_recall,0.9369662942696458,0.9369662942696458,93.70%,PASS
phase11c_rq2.csv,randomized_smoothing_SurrogateTransfer,randomized_smoothing,SurrogateTransfer,C1,f1_score,primary_batch_level.csv,randomized_smoothing_SurrogateTransfer_C1_mean_f1_score,0.9654139033708978,0.9654139033708978,96.54%,PASS
phase11c_rq1.csv,randomized_smoothing_DecisionBoundary,randomized_smoothing,DecisionBoundary,Base,precision,primary_batch_level.csv,randomized_smoothing_DecisionBoundary_Base_mean_precision,0.9995364791897706,0.9995364791897706,99.95%,PASS
phase11c_rq1.csv,randomized_smoothing_DecisionBoundary,randomized_smoothing,DecisionBoundary,Base,recall,primary_batch_level.csv,randomized_smoothing_DecisionBoundary_Base_mean_recall,0.7970120839033288,0.7970120839033288,79.70%,PASS
phase11c_rq1.csv,randomized_smoothing_DecisionBoundary,randomized_smoothing,DecisionBoundary,Base,f1_score,primary_batch_level.csv,randomized_smoothing_DecisionBoundary_Base_mean_f1_score,0.886292075358633,0.886292075358633,88.63%,PASS
phase11c_rq2.csv,randomized_smoothing_DecisionBoundary,randomized_smoothing,DecisionBoundary,C1,precision,primary_batch_level.csv,randomized_smoothing_DecisionBoundary_C1_mean_precision,0.9951919906501593,0.9951919906501593,99.52%,PASS
phase11c_rq2.csv,randomized_smoothing_DecisionBoundary,randomized_smoothing,DecisionBoundary,C1,recall,primary_batch_level.csv,randomized_smoothing_DecisionBoundary_C1_mean_recall,0.922529449764402,0.922529449764402,92.25%,PASS
phase11c_rq2.csv,randomized_smoothing_DecisionBoundary,randomized_smoothing,DecisionBoundary,C1,f1_score,primary_batch_level.csv,randomized_smoothing_DecisionBoundary_C1_mean_f1_score,0.9572075877012025,0.9572075877012025,95.72%,PASS
phase11c_rq3.csv,afp_precision,afp,ALL,C1-Base,precision_diff,phase11b_primary_inference.csv,afp_precision_mean,-0.003561959734798555,-0.003561959734798555,-0.0036,PASS
phase11c_rq3.csv,afp_precision,afp,ALL,Base,precision,primary_batch_level.csv,afp_base_mean,0.9992847339984543,0.9992847339984543,0.9993,PASS
phase11c_rq3.csv,afp_precision,afp,ALL,C1,precision,primary_batch_level.csv,afp_c1_mean,0.9957227742636559,0.9957227742636559,0.9957,PASS
phase11c_rq3.csv,afp_recall,afp,ALL,C1-Base,recall_diff,phase11b_primary_inference.csv,afp_recall_mean,0.129681879211633,0.129681879211633,0.1297,PASS
phase11c_rq3.csv,afp_recall,afp,ALL,Base,recall,primary_batch_level.csv,afp_base_mean,0.8022540786340374,0.8022540786340374,0.8023,PASS
phase11c_rq3.csv,afp_recall,afp,ALL,C1,recall,primary_batch_level.csv,afp_c1_mean,0.9319359578456706,0.9319359578456706,0.9319,PASS
phase11c_rq3.csv,afp_f1_score,afp,ALL,C1-Base,f1_score_diff,phase11b_primary_inference.csv,afp_f1_score_mean,0.07309099735464189,0.07309099735464189,0.0731,PASS
phase11c_rq3.csv,afp_f1_score,afp,ALL,Base,f1_score,primary_batch_level.csv,afp_base_mean,0.8894227068327679,0.8894227068327679,0.8894,PASS
phase11c_rq3.csv,afp_f1_score,afp,ALL,C1,f1_score,primary_batch_level.csv,afp_c1_mean,0.9625137041874098,0.9625137041874098,0.9625,PASS
phase11c_rq3.csv,randomized_smoothing_precision,randomized_smoothing,ALL,C1-Base,precision_diff,phase11b_primary_inference.csv,randomized_smoothing_precision_mean,-0.0036010691839140786,-0.0036010691839140786,-0.0036,PASS
phase11c_rq3.csv,randomized_smoothing_precision,randomized_smoothing,ALL,Base,precision,primary_batch_level.csv,randomized_smoothing_base_mean,0.9994990145882988,0.9994990145882988,0.9995,PASS
phase11c_rq3.csv,randomized_smoothing_precision,randomized_smoothing,ALL,C1,precision,primary_batch_level.csv,randomized_smoothing_c1_mean,0.9958979454043848,0.9958979454043848,0.9959,PASS
phase11c_rq3.csv,randomized_smoothing_recall,randomized_smoothing,ALL,C1-Base,recall_diff,phase11b_primary_inference.csv,randomized_smoothing_recall_mean,0.12641757865937073,0.12641757865937073,0.1264,PASS
phase11c_rq3.csv,randomized_smoothing_recall,randomized_smoothing,ALL,Base,recall,primary_batch_level.csv,randomized_smoothing_base_mean,0.8056936211176977,0.8056936211176977,0.8057,PASS
phase11c_rq3.csv,randomized_smoothing_recall,randomized_smoothing,ALL,C1,recall,primary_batch_level.csv,randomized_smoothing_c1_mean,0.9321111997770686,0.9321111997770686,0.9321,PASS
phase11c_rq3.csv,randomized_smoothing_f1_score,randomized_smoothing,ALL,C1-Base,f1_score_diff,phase11b_primary_inference.csv,randomized_smoothing_f1_score_mean,0.07106376924372514,0.07106376924372514,0.0711,PASS
phase11c_rq3.csv,randomized_smoothing_f1_score,randomized_smoothing,ALL,Base,f1_score,primary_batch_level.csv,randomized_smoothing_base_mean,0.8916319961487733,0.8916319961487733,0.8916,PASS
phase11c_rq3.csv,randomized_smoothing_f1_score,randomized_smoothing,ALL,C1,f1_score,primary_batch_level.csv,randomized_smoothing_c1_mean,0.9626957653924983,0.9626957653924983,0.9627,PASS
phase11c_rq3.csv,feature_squeezing_precision,feature_squeezing,ALL,C1-Base,precision_diff,phase11b_primary_inference.csv,feature_squeezing_precision_mean,-0.0013336892002217503,-0.0013336892002217503,-0.0013,PASS
phase11c_rq3.csv,feature_squeezing_precision,feature_squeezing,ALL,Base,precision,primary_batch_level.csv,feature_squeezing_base_mean,0.9986061209016407,0.9986061209016407,0.9986,PASS
phase11c_rq3.csv,feature_squeezing_precision,feature_squeezing,ALL,C1,precision,primary_batch_level.csv,feature_squeezing_c1_mean,0.997272431701419,0.997272431701419,0.9973,PASS
phase11c_rq3.csv,feature_squeezing_recall,feature_squeezing,ALL,C1-Base,recall_diff,phase11b_primary_inference.csv,feature_squeezing_recall_mean,0.007744528043775646,0.007744528043775646,0.0077,PASS
phase11c_rq3.csv,feature_squeezing_recall,feature_squeezing,ALL,Base,recall,primary_batch_level.csv,feature_squeezing_base_mean,0.9267710391650201,0.9267710391650201,0.9268,PASS
phase11c_rq3.csv,feature_squeezing_recall,feature_squeezing,ALL,C1,recall,primary_batch_level.csv,feature_squeezing_c1_mean,0.9345155672087957,0.9345155672087957,0.9345,PASS
phase11c_rq3.csv,feature_squeezing_f1_score,feature_squeezing,ALL,C1-Base,f1_score_diff,phase11b_primary_inference.csv,feature_squeezing_f1_score_mean,0.0035545591003453567,0.0035545591003453567,0.0036,PASS
phase11c_rq3.csv,feature_squeezing_f1_score,feature_squeezing,ALL,Base,f1_score,primary_batch_level.csv,feature_squeezing_base_mean,0.9611210388569286,0.9611210388569286,0.9611,PASS
phase11c_rq3.csv,feature_squeezing_f1_score,feature_squeezing,ALL,C1,f1_score,primary_batch_level.csv,feature_squeezing_c1_mean,0.964675597957274,0.964675597957274,0.9647,PASS
phase11c_rq4.csv,afp_SilentProbing_C2,afp,SilentProbing,C2,precision,phase11b_rq4_sensitivity_descriptive.csv,afp_SilentProbing_C2_precision_mean,0.995968392246708,0.995968392246708,99.60%,PASS
phase11c_rq4.csv,afp_SilentProbing_C3,afp,SilentProbing,C3,precision,phase11b_rq4_sensitivity_descriptive.csv,afp_SilentProbing_C3_precision_mean,0.9955123276620341,0.9955123276620341,99.55%,PASS
phase11c_rq4.csv,afp_SilentProbing_C4,afp,SilentProbing,C4,precision,phase11b_rq4_sensitivity_descriptive.csv,afp_SilentProbing_C4_precision_mean,0.9983569857864028,0.9983569857864028,99.84%,PASS
phase11c_rq4.csv,afp_SilentProbing_C5,afp,SilentProbing,C5,precision,phase11b_rq4_sensitivity_descriptive.csv,afp_SilentProbing_C5_precision_mean,0.9944946863757044,0.9944946863757044,99.45%,PASS
phase11c_rq4.csv,afp_SilentProbing_C6,afp,SilentProbing,C6,precision,phase11b_rq4_sensitivity_descriptive.csv,afp_SilentProbing_C6_precision_mean,0.9974548741521665,0.9974548741521665,99.75%,PASS
phase11c_rq4.csv,afp_SilentProbing_C7,afp,SilentProbing,C7,precision,phase11b_rq4_sensitivity_descriptive.csv,afp_SilentProbing_C7_precision_mean,0.9948661849613603,0.9948661849613603,99.49%,PASS
phase11c_rq4.csv,feature_squeezing_SilentProbing_C2,feature_squeezing,SilentProbing,C2,precision,phase11b_rq4_sensitivity_descriptive.csv,feature_squeezing_SilentProbing_C2_precision_mean,0.9972415713430217,0.9972415713430217,99.72%,PASS
phase11c_rq4.csv,feature_squeezing_SilentProbing_C3,feature_squeezing,SilentProbing,C3,precision,phase11b_rq4_sensitivity_descriptive.csv,feature_squeezing_SilentProbing_C3_precision_mean,0.9975089661465041,0.9975089661465041,99.75%,PASS
phase11c_rq4.csv,feature_squeezing_SilentProbing_C4,feature_squeezing,SilentProbing,C4,precision,phase11b_rq4_sensitivity_descriptive.csv,feature_squeezing_SilentProbing_C4_precision_mean,0.9986138903144711,0.9986138903144711,99.86%,PASS
phase11c_rq4.csv,feature_squeezing_SilentProbing_C5,feature_squeezing,SilentProbing,C5,precision,phase11b_rq4_sensitivity_descriptive.csv,feature_squeezing_SilentProbing_C5_precision_mean,0.9971588704098416,0.9971588704098416,99.72%,PASS
phase11c_rq4.csv,feature_squeezing_SilentProbing_C6,feature_squeezing,SilentProbing,C6,precision,phase11b_rq4_sensitivity_descriptive.csv,feature_squeezing_SilentProbing_C6_precision_mean,0.9974208499720838,0.9974208499720838,99.74%,PASS
phase11c_rq4.csv,feature_squeezing_SilentProbing_C7,feature_squeezing,SilentProbing,C7,precision,phase11b_rq4_sensitivity_descriptive.csv,feature_squeezing_SilentProbing_C7_precision_mean,0.9970829628372642,0.9970829628372642,99.71%,PASS
phase11c_rq4.csv,randomized_smoothing_SilentProbing_C2,randomized_smoothing,SilentProbing,C2,precision,phase11b_rq4_sensitivity_descriptive.csv,randomized_smoothing_SilentProbing_C2_precision_mean,0.996200545677365,0.996200545677365,99.62%,PASS
phase11c_rq4.csv,randomized_smoothing_SilentProbing_C3,randomized_smoothing,SilentProbing,C3,precision,phase11b_rq4_sensitivity_descriptive.csv,randomized_smoothing_SilentProbing_C3_precision_mean,0.9956527105241925,0.9956527105241925,99.57%,PASS
phase11c_rq4.csv,randomized_smoothing_SilentProbing_C4,randomized_smoothing,SilentProbing,C4,precision,phase11b_rq4_sensitivity_descriptive.csv,randomized_smoothing_SilentProbing_C4_precision_mean,0.9985670955470075,0.9985670955470075,99.86%,PASS
phase11c_rq4.csv,randomized_smoothing_SilentProbing_C5,randomized_smoothing,SilentProbing,C5,precision,phase11b_rq4_sensitivity_descriptive.csv,randomized_smoothing_SilentProbing_C5_precision_mean,0.99455427934654,0.99455427934654,99.46%,PASS
phase11c_rq4.csv,randomized_smoothing_SilentProbing_C6,randomized_smoothing,SilentProbing,C6,precision,phase11b_rq4_sensitivity_descriptive.csv,randomized_smoothing_SilentProbing_C6_precision_mean,0.9976513474381661,0.9976513474381661,99.77%,PASS
phase11c_rq4.csv,randomized_smoothing_SilentProbing_C7,randomized_smoothing,SilentProbing,C7,precision,phase11b_rq4_sensitivity_descriptive.csv,randomized_smoothing_SilentProbing_C7_precision_mean,0.9949526668458512,0.9949526668458512,99.50%,PASS
phase11c_rq4.csv,afp_SurrogateTransfer_C2,afp,SurrogateTransfer,C2,precision,phase11b_rq4_sensitivity_descriptive.csv,afp_SurrogateTransfer_C2_precision_mean,0.9960785652951026,0.9960785652951026,99.61%,PASS
phase11c_rq4.csv,afp_SurrogateTransfer_C3,afp,SurrogateTransfer,C3,precision,phase11b_rq4_sensitivity_descriptive.csv,afp_SurrogateTransfer_C3_precision_mean,0.9957931675838746,0.9957931675838746,99.58%,PASS
phase11c_rq4.csv,afp_SurrogateTransfer_C4,afp,SurrogateTransfer,C4,precision,phase11b_rq4_sensitivity_descriptive.csv,afp_SurrogateTransfer_C4_precision_mean,0.9982686033479924,0.9982686033479924,99.83%,PASS
phase11c_rq4.csv,afp_SurrogateTransfer_C5,afp,SurrogateTransfer,C5,precision,phase11b_rq4_sensitivity_descriptive.csv,afp_SurrogateTransfer_C5_precision_mean,0.9946112600567423,0.9946112600567423,99.46%,PASS
phase11c_rq4.csv,afp_SurrogateTransfer_C6,afp,SurrogateTransfer,C6,precision,phase11b_rq4_sensitivity_descriptive.csv,afp_SurrogateTransfer_C6_precision_mean,0.9975708822509932,0.9975708822509932,99.76%,PASS
phase11c_rq4.csv,afp_SurrogateTransfer_C7,afp,SurrogateTransfer,C7,precision,phase11b_rq4_sensitivity_descriptive.csv,afp_SurrogateTransfer_C7_precision_mean,0.9947296417092039,0.9947296417092039,99.47%,PASS
phase11c_rq4.csv,feature_squeezing_SurrogateTransfer_C2,feature_squeezing,SurrogateTransfer,C2,precision,phase11b_rq4_sensitivity_descriptive.csv,feature_squeezing_SurrogateTransfer_C2_precision_mean,0.9972415713430217,0.9972415713430217,99.72%,PASS
phase11c_rq4.csv,feature_squeezing_SurrogateTransfer_C3,feature_squeezing,SurrogateTransfer,C3,precision,phase11b_rq4_sensitivity_descriptive.csv,feature_squeezing_SurrogateTransfer_C3_precision_mean,0.9975089661465041,0.9975089661465041,99.75%,PASS
phase11c_rq4.csv,feature_squeezing_SurrogateTransfer_C4,feature_squeezing,SurrogateTransfer,C4,precision,phase11b_rq4_sensitivity_descriptive.csv,feature_squeezing_SurrogateTransfer_C4_precision_mean,0.9986138903144711,0.9986138903144711,99.86%,PASS
phase11c_rq4.csv,feature_squeezing_SurrogateTransfer_C5,feature_squeezing,SurrogateTransfer,C5,precision,phase11b_rq4_sensitivity_descriptive.csv,feature_squeezing_SurrogateTransfer_C5_precision_mean,0.9971588704098416,0.9971588704098416,99.72%,PASS
phase11c_rq4.csv,feature_squeezing_SurrogateTransfer_C6,feature_squeezing,SurrogateTransfer,C6,precision,phase11b_rq4_sensitivity_descriptive.csv,feature_squeezing_SurrogateTransfer_C6_precision_mean,0.9974208499720838,0.9974208499720838,99.74%,PASS
phase11c_rq4.csv,feature_squeezing_SurrogateTransfer_C7,feature_squeezing,SurrogateTransfer,C7,precision,phase11b_rq4_sensitivity_descriptive.csv,feature_squeezing_SurrogateTransfer_C7_precision_mean,0.9970829628372642,0.9970829628372642,99.71%,PASS
phase11c_rq4.csv,randomized_smoothing_SurrogateTransfer_C2,randomized_smoothing,SurrogateTransfer,C2,precision,phase11b_rq4_sensitivity_descriptive.csv,randomized_smoothing_SurrogateTransfer_C2_precision_mean,0.9961931117065004,0.9961931117065004,99.62%,PASS
phase11c_rq4.csv,randomized_smoothing_SurrogateTransfer_C3,randomized_smoothing,SurrogateTransfer,C3,precision,phase11b_rq4_sensitivity_descriptive.csv,randomized_smoothing_SurrogateTransfer_C3_precision_mean,0.9956826411131061,0.9956826411131061,99.57%,PASS
phase11c_rq4.csv,randomized_smoothing_SurrogateTransfer_C4,randomized_smoothing,SurrogateTransfer,C4,precision,phase11b_rq4_sensitivity_descriptive.csv,randomized_smoothing_SurrogateTransfer_C4_precision_mean,0.9985944767552459,0.9985944767552459,99.86%,PASS
phase11c_rq4.csv,randomized_smoothing_SurrogateTransfer_C5,randomized_smoothing,SurrogateTransfer,C5,precision,phase11b_rq4_sensitivity_descriptive.csv,randomized_smoothing_SurrogateTransfer_C5_precision_mean,0.9947819383439708,0.9947819383439708,99.48%,PASS
phase11c_rq4.csv,randomized_smoothing_SurrogateTransfer_C6,randomized_smoothing,SurrogateTransfer,C6,precision,phase11b_rq4_sensitivity_descriptive.csv,randomized_smoothing_SurrogateTransfer_C6_precision_mean,0.9976860339608357,0.9976860339608357,99.77%,PASS
phase11c_rq4.csv,randomized_smoothing_SurrogateTransfer_C7,randomized_smoothing,SurrogateTransfer,C7,precision,phase11b_rq4_sensitivity_descriptive.csv,randomized_smoothing_SurrogateTransfer_C7_precision_mean,0.9949255108500936,0.9949255108500936,99.49%,PASS
phase11c_rq4.csv,afp_DecisionBoundary_C2,afp,DecisionBoundary,C2,precision,phase11b_rq4_sensitivity_descriptive.csv,afp_DecisionBoundary_C2_precision_mean,0.9952933391446669,0.9952933391446669,99.53%,PASS
phase11c_rq4.csv,afp_DecisionBoundary_C3,afp,DecisionBoundary,C3,precision,phase11b_rq4_sensitivity_descriptive.csv,afp_DecisionBoundary_C3_precision_mean,0.9952053773006277,0.9952053773006277,99.52%,PASS
phase11c_rq4.csv,afp_DecisionBoundary_C4,afp,DecisionBoundary,C4,precision,phase11b_rq4_sensitivity_descriptive.csv,afp_DecisionBoundary_C4_precision_mean,0.9984798438361305,0.9984798438361305,99.85%,PASS
phase11c_rq4.csv,afp_DecisionBoundary_C5,afp,DecisionBoundary,C5,precision,phase11b_rq4_sensitivity_descriptive.csv,afp_DecisionBoundary_C5_precision_mean,0.9939889464480193,0.9939889464480193,99.40%,PASS
phase11c_rq4.csv,afp_DecisionBoundary_C6,afp,DecisionBoundary,C6,precision,phase11b_rq4_sensitivity_descriptive.csv,afp_DecisionBoundary_C6_precision_mean,0.9973080527229317,0.9973080527229317,99.73%,PASS
phase11c_rq4.csv,afp_DecisionBoundary_C7,afp,DecisionBoundary,C7,precision,phase11b_rq4_sensitivity_descriptive.csv,afp_DecisionBoundary_C7_precision_mean,0.9939539717149308,0.9939539717149308,99.40%,PASS
phase11c_rq4.csv,feature_squeezing_DecisionBoundary_C2,feature_squeezing,DecisionBoundary,C2,precision,phase11b_rq4_sensitivity_descriptive.csv,feature_squeezing_DecisionBoundary_C2_precision_mean,0.9969432459508629,0.9969432459508629,99.69%,PASS
phase11c_rq4.csv,feature_squeezing_DecisionBoundary_C3,feature_squeezing,DecisionBoundary,C3,precision,phase11b_rq4_sensitivity_descriptive.csv,feature_squeezing_DecisionBoundary_C3_precision_mean,0.9971172414174577,0.9971172414174577,99.71%,PASS
phase11c_rq4.csv,feature_squeezing_DecisionBoundary_C4,feature_squeezing,DecisionBoundary,C4,precision,phase11b_rq4_sensitivity_descriptive.csv,feature_squeezing_DecisionBoundary_C4_precision_mean,0.9983940200257224,0.9983940200257224,99.84%,PASS
phase11c_rq4.csv,feature_squeezing_DecisionBoundary_C5,feature_squeezing,DecisionBoundary,C5,precision,phase11b_rq4_sensitivity_descriptive.csv,feature_squeezing_DecisionBoundary_C5_precision_mean,0.9971172414174577,0.9971172414174577,99.71%,PASS
phase11c_rq4.csv,feature_squeezing_DecisionBoundary_C6,feature_squeezing,DecisionBoundary,C6,precision,phase11b_rq4_sensitivity_descriptive.csv,feature_squeezing_DecisionBoundary_C6_precision_mean,0.9969439969223465,0.9969439969223465,99.69%,PASS
phase11c_rq4.csv,feature_squeezing_DecisionBoundary_C7,feature_squeezing,DecisionBoundary,C7,precision,phase11b_rq4_sensitivity_descriptive.csv,feature_squeezing_DecisionBoundary_C7_precision_mean,0.9969474645491131,0.9969474645491131,99.69%,PASS
phase11c_rq4.csv,randomized_smoothing_DecisionBoundary_C2,randomized_smoothing,DecisionBoundary,C2,precision,phase11b_rq4_sensitivity_descriptive.csv,randomized_smoothing_DecisionBoundary_C2_precision_mean,0.9954669032764182,0.9954669032764182,99.55%,PASS
phase11c_rq4.csv,randomized_smoothing_DecisionBoundary_C3,randomized_smoothing,DecisionBoundary,C3,precision,phase11b_rq4_sensitivity_descriptive.csv,randomized_smoothing_DecisionBoundary_C3_precision_mean,0.9952081528231347,0.9952081528231347,99.52%,PASS
phase11c_rq4.csv,randomized_smoothing_DecisionBoundary_C4,randomized_smoothing,DecisionBoundary,C4,precision,phase11b_rq4_sensitivity_descriptive.csv,randomized_smoothing_DecisionBoundary_C4_precision_mean,0.9984464689751681,0.9984464689751681,99.84%,PASS
phase11c_rq4.csv,randomized_smoothing_DecisionBoundary_C5,randomized_smoothing,DecisionBoundary,C5,precision,phase11b_rq4_sensitivity_descriptive.csv,randomized_smoothing_DecisionBoundary_C5_precision_mean,0.9939844775324886,0.9939844775324886,99.40%,PASS
phase11c_rq4.csv,randomized_smoothing_DecisionBoundary_C6,randomized_smoothing,DecisionBoundary,C6,precision,phase11b_rq4_sensitivity_descriptive.csv,randomized_smoothing_DecisionBoundary_C6_precision_mean,0.997149502965549,0.997149502965549,99.71%,PASS
phase11c_rq4.csv,randomized_smoothing_DecisionBoundary_C7,randomized_smoothing,DecisionBoundary,C7,precision,phase11b_rq4_sensitivity_descriptive.csv,randomized_smoothing_DecisionBoundary_C7_precision_mean,0.9938141858082519,0.9938141858082519,99.38%,PASS
phase11c_rq4.csv,afp_SilentProbing_C1,afp,SilentProbing,C1,precision,phase11b_rq4_sensitivity_descriptive.csv,afp_SilentProbing_C1_precision_mean,0.9959695310276822,0.9959695310276822,99.60%,PASS
phase11c_rq4.csv,feature_squeezing_SilentProbing_C1,feature_squeezing,SilentProbing,C1,precision,phase11b_rq4_sensitivity_descriptive.csv,feature_squeezing_SilentProbing_C1_precision_mean,0.9974197511675832,0.9974197511675832,99.74%,PASS
phase11c_rq4.csv,randomized_smoothing_SilentProbing_C1,randomized_smoothing,SilentProbing,C1,precision,phase11b_rq4_sensitivity_descriptive.csv,randomized_smoothing_SilentProbing_C1_precision_mean,0.996401164625208,0.996401164625208,99.64%,PASS
phase11c_rq4.csv,afp_SurrogateTransfer_C1,afp,SurrogateTransfer,C1,precision,phase11b_rq4_sensitivity_descriptive.csv,afp_SurrogateTransfer_C1_precision_mean,0.9960563808745232,0.9960563808745232,99.61%,PASS
phase11c_rq4.csv,feature_squeezing_SurrogateTransfer_C1,feature_squeezing,SurrogateTransfer,C1,precision,phase11b_rq4_sensitivity_descriptive.csv,feature_squeezing_SurrogateTransfer_C1_precision_mean,0.9974197511675832,0.9974197511675832,99.74%,PASS
phase11c_rq4.csv,randomized_smoothing_SurrogateTransfer_C1,randomized_smoothing,SurrogateTransfer,C1,precision,phase11b_rq4_sensitivity_descriptive.csv,randomized_smoothing_SurrogateTransfer_C1_precision_mean,0.9962505989650494,0.9962505989650494,99.63%,PASS
phase11c_rq4.csv,afp_DecisionBoundary_C1,afp,DecisionBoundary,C1,precision,phase11b_rq4_sensitivity_descriptive.csv,afp_DecisionBoundary_C1_precision_mean,0.995232926521903,0.995232926521903,99.52%,PASS
phase11c_rq4.csv,feature_squeezing_DecisionBoundary_C1,feature_squeezing,DecisionBoundary,C1,precision,phase11b_rq4_sensitivity_descriptive.csv,feature_squeezing_DecisionBoundary_C1_precision_mean,0.9970011253648917,0.9970011253648917,99.70%,PASS
phase11c_rq4.csv,randomized_smoothing_DecisionBoundary_C1,randomized_smoothing,DecisionBoundary,C1,precision,phase11b_rq4_sensitivity_descriptive.csv,randomized_smoothing_DecisionBoundary_C1_precision_mean,0.9953246535790178,0.9953246535790178,99.53%,PASS
figures,base_vs_c1_recall.png,afp,ALL,Base,recall,rq1,pooled,0.8022540786340374,0.8022540786340374,80.2%,PASS
figures,base_vs_c1_recall.png,afp,ALL,C1,recall,rq2,pooled,0.9319359578456706,0.9319359578456706,93.2%,PASS
figures,base_vs_c1_recall.png,feature_squeezing,ALL,Base,recall,rq1,pooled,0.92677103916502,0.92677103916502,92.7%,PASS
figures,base_vs_c1_recall.png,feature_squeezing,ALL,C1,recall,rq2,pooled,0.9345155672087957,0.9345155672087957,93.5%,PASS
figures,base_vs_c1_recall.png,randomized_smoothing,ALL,Base,recall,rq1,pooled,0.8056936211176978,0.8056936211176978,80.6%,PASS
figures,base_vs_c1_recall.png,randomized_smoothing,ALL,C1,recall,rq2,pooled,0.9321111997770686,0.9321111997770686,93.2%,PASS
figures,base_vs_c1_f1_score.png,afp,ALL,Base,f1_score,rq1,pooled,0.8894227068327679,0.8894227068327679,88.9%,PASS
figures,base_vs_c1_f1_score.png,afp,ALL,C1,f1_score,rq2,pooled,0.9625137041874098,0.9625137041874098,96.3%,PASS
figures,base_vs_c1_f1_score.png,feature_squeezing,ALL,Base,f1_score,rq1,pooled,0.9611210388569288,0.9611210388569288,96.1%,PASS
figures,base_vs_c1_f1_score.png,feature_squeezing,ALL,C1,f1_score,rq2,pooled,0.964675597957274,0.964675597957274,96.5%,PASS
figures,base_vs_c1_f1_score.png,randomized_smoothing,ALL,Base,f1_score,rq1,pooled,0.8916319961487731,0.8916319961487731,89.2%,PASS
figures,base_vs_c1_f1_score.png,randomized_smoothing,ALL,C1,f1_score,rq2,pooled,0.9626957653924982,0.9626957653924982,96.3%,PASS
figures,afp_scenario_recall.png,afp,SilentProbing,Base,recall,rq1,row,0.8065967472260224,0.8065967472260224,80.7%,PASS
figures,afp_scenario_recall.png,afp,SurrogateTransfer,Base,recall,rq1,row,0.8061987004103967,0.8061987004103967,80.6%,PASS
figures,afp_scenario_recall.png,afp,DecisionBoundary,Base,recall,rq1,row,0.7939667882656939,0.7939667882656939,79.4%,PASS
figures,sensitivity_c1_c7_recall.png,afp,ALL,C1,recall,rq4,pooled,0.9318392063974599,0.9318392063974599,93.2%,PASS
figures,sensitivity_c1_c7_recall.png,afp,ALL,C2,recall,rq4,pooled,0.931694913107362,0.931694913107362,93.2%,PASS
figures,sensitivity_c1_c7_recall.png,afp,ALL,C3,recall,rq4,pooled,0.9320113661312931,0.9320113661312931,93.2%,PASS
figures,sensitivity_c1_c7_recall.png,afp,ALL,C4,recall,rq4,pooled,0.9006529614429754,0.9006529614429754,90.1%,PASS
figures,sensitivity_c1_c7_recall.png,afp,ALL,C5,recall,rq4,pooled,0.9339085009542147,0.9339085009542147,93.4%,PASS
figures,sensitivity_c1_c7_recall.png,afp,ALL,C6,recall,rq4,pooled,0.9255812897941262,0.9255812897941262,92.6%,PASS
figures,sensitivity_c1_c7_recall.png,afp,ALL,C7,recall,rq4,pooled,0.9340330555133337,0.9340330555133337,93.4%,PASS
figures,sensitivity_c1_c7_recall.png,feature_squeezing,ALL,C1,recall,rq4,pooled,0.9345572402087453,0.9345572402087453,93.5%,PASS
figures,sensitivity_c1_c7_recall.png,feature_squeezing,ALL,C2,recall,rq4,pooled,0.9347289777237339,0.9347289777237339,93.5%,PASS
figures,sensitivity_c1_c7_recall.png,feature_squeezing,ALL,C3,recall,rq4,pooled,0.934305386668018,0.934305386668018,93.4%,PASS
figures,sensitivity_c1_c7_recall.png,feature_squeezing,ALL,C4,recall,rq4,pooled,0.9272067267906303,0.9272067267906303,92.7%,PASS
figures,sensitivity_c1_c7_recall.png,feature_squeezing,ALL,C5,recall,rq4,pooled,0.9347924161051157,0.9347924161051157,93.5%,PASS
figures,sensitivity_c1_c7_recall.png,feature_squeezing,ALL,C6,recall,rq4,pooled,0.9346473839320398,0.9346473839320398,93.5%,PASS
figures,sensitivity_c1_c7_recall.png,feature_squeezing,ALL,C7,recall,rq4,pooled,0.9346469617131953,0.9346469617131953,93.5%,PASS
figures,sensitivity_c1_c7_recall.png,randomized_smoothing,ALL,C1,recall,rq4,pooled,0.9321061542618772,0.9321061542618772,93.2%,PASS
figures,sensitivity_c1_c7_recall.png,randomized_smoothing,ALL,C2,recall,rq4,pooled,0.9322606863589535,0.9322606863589535,93.2%,PASS
figures,sensitivity_c1_c7_recall.png,randomized_smoothing,ALL,C3,recall,rq4,pooled,0.9323233858573574,0.9323233858573574,93.2%,PASS
figures,sensitivity_c1_c7_recall.png,randomized_smoothing,ALL,C4,recall,rq4,pooled,0.9011782016854979,0.9011782016854979,90.1%,PASS
figures,sensitivity_c1_c7_recall.png,randomized_smoothing,ALL,C5,recall,rq4,pooled,0.934015322321866,0.934015322321866,93.4%,PASS
figures,sensitivity_c1_c7_recall.png,randomized_smoothing,ALL,C6,recall,rq4,pooled,0.9261066355913598,0.9261066355913598,92.6%,PASS
figures,sensitivity_c1_c7_recall.png,randomized_smoothing,ALL,C7,recall,rq4,pooled,0.9342652758777931,0.9342652758777931,93.4%,PASS
