RelativePath,Bytes,SHA256
AUDIT_NOTES.md,15630,0591145741da57d8e5e4a49c666870d2a9ae6af58a4075c5a0888f57a39d2947
DEFENSE_READY_REPORT.md,14624,d80b78881bb05c92da1fdf082533ab5a2fc147e857864728725d31a096a54bd0
README.md,6404,4b7a02a70d580644b58e8a6f4a83cf1b87721e07128ca2c6631b1d1f0b3b50cb
RUNNING_INSTRUCTIONS.md,8835,423e5c54a1de4cd6a4fdac05c65b5e4588ef5692340b96cc5983cb2f59b1f6f2
attacker_sim.py,46625,aa547ae7c5d686a6dc3a933086dec327604b3b2ff9439e1d7e3f5ae6254a9eb5
frontend/app.js,37046,3d4f832bcca50c9eb4f4d4ff6d44c6fbd495473179baf504ff4b77d5ef998a0a
frontend/index.html,25635,2447ae110422526f294d6c192be6278bb8673ab76b90027a25818b380ea4c197
frontend/style.css,29671,04bbd00c4449d370ded1d59832e43d0efcf1e3ae8748c517bb170ad090c10d22
frontend/vendor/chart.umd.min.js,205399,d2af8974e95271638772e9e9524db5b9a6f58d6ec2d5d781400447b4a31c681e
frontend/vendor/leaflet.css,14806,a7837102824184820dfa198d1ebcd109ff6d0ff9a2672a074b9a1b4d147d04c6
frontend/vendor/leaflet.js,147552,db49d009c841f5ca34a888c96511ae936fd9f5533e90d8b2c4d57596f4e5641a
operator_benchmarks.py,22692,c8c018100afb2b402cf9daaeac8bbf3b93cec9075e6c810262bcc4ec7b5a3535
operator_token.txt.template,203,5320983b6e3e9f91260553a7f18873ae8aad43925febc930789ed203f88bce61
requirements.txt,228,5c35a55c8cb8a2361d9b8c7c10bf123cc5a3914b9e11218bbd7c8cad95c0f517
runtime_package/README.md,3354,d474038d01d5139a05467a69774bf5ec9086f2137e3cf1c276d02e5160f40e9e
runtime_package/attacks/__init__.py,0,e3b0c44298fc1c149afbf4c8996fb92427ae41e4649b934ca495991b7852b855
runtime_package/attacks/base.py,4918,316c2089f18dc6b9ff7959f48a0fe59381417ed56271d9c758f17cf2eaf79230
runtime_package/attacks/boundary_attack.py,6894,011dc7649aee0db3880e66264b91a14469f7c832f0a5c1fef9eaeb6786e39d29
runtime_package/attacks/oracle.py,3744,3e006a4e889273a9ee3df726f479b89b3222bc22ef23aecf717d2ef73574044d
runtime_package/attacks/silent_probing.py,863,fc5e6769ef6a2bedd283fccfb5eb50f723f61c2b4ebec580925160f4213b2483
runtime_package/attacks/surrogate_transfer.py,8085,dcb70833457d66ed15a56b27f59c2ce040d821ff3df710c0598bb2ce6b7b273a
runtime_package/build_package.py,1272,f950235134b6107cf258ca7f26147cd6883e2aafd5b03be76cf59c2771c63674
runtime_package/configs/attacks.yaml,5242,f480b21e20b06da6ad408a949f63cdae5e055cf7e2dc22f3f02f7a3b8265c95c
runtime_package/configs/controllers.yaml,2988,5c5159904669c1f0a47ad6adb1a665d54dd5e55b71de1f75696bf9221fbf08e4
runtime_package/configs/defenses.yaml,1844,3321c4dcb6bd9d532abbae5ec21b1bdf4ca8b1fa0526ddc8b4b92369053192a3
runtime_package/configs/experiment.yaml,1975,5548ad341241a6f296c2414e78162377d8efaef07b61af0385df2ba4f5b247c8
runtime_package/configs/model.yaml,1220,9ef9f15120301769ff5d5455879fd386ee0af452158f9289a8453c67a93f1f15
runtime_package/controller/__init__.py,191,60c348667b010554daf2dc06bb4fdd81d8e87f2d8b46279a7d92c50a41295735
runtime_package/controller/recall_controller.py,10150,7f35cd461450a505306e00b94fdbfa3d1ab8a7c043836adeff0e04bebddd6284
runtime_package/dashboard.py,1490,48117ba9f40a95bbaddda6f37d4f2fe1c4ba5c7345e0466c9804e33fa3a3e5ff
runtime_package/data_loader.py,7606,213073eac1ec560534685f7491d4a20fd761c0dc381421d1ad14f143ef36f378
runtime_package/defenses/__init__.py,333,20625cb3393f44002529e55ec77633da3130c03bbd66f48752e410271729698a
runtime_package/defenses/afp.py,3250,7da0c1290f3f88ecc548159f9fef3ff1b25c50809e58f21ef70ff8a7a409295b
runtime_package/defenses/base.py,8118,9d7bf1fb4922cb27d125f7b519d3908a4d4f7d15e60a7430a67c36e778d785eb
runtime_package/defenses/feature_squeezing.py,1187,2595eac35175f33c0ba6563882278e0ec14ae5ce1a44e6b72bbbe817022eeb5a
runtime_package/defenses/randomized_smoothing.py,5500,033d553d7e2693083a34840f3ad1a6f28ddf3b56b29a128153acb986ebfecb0d
runtime_package/demo_data/X_demo.parquet,47911,a39f6ed3de09ae11dae5c271df515abb440a839567e2f8fa5394764e1e6dbada
runtime_package/demo_data/metadata_demo.parquet,4394,593479e0275fc715d7534ee8d9a67805a47cd0c9ec9ed7d2d53b02beaff0a5db
runtime_package/expanded_data/DATA_CONTRACT.json,2242,44bee8dfac2e8749878b2bf50bf243a3ceab58e8e6c90d096bc58056f2d9d62b
runtime_package/expanded_data/DATA_PACKAGE_README.md,3004,e3dbb3496faf40aedf5ef85ad3daaf26770156cf19a46ec9704f78d73fb12b80
runtime_package/expanded_data/OMISSIONS.md,935,69865bd1671c9dc6f74e6b38e2c83e4ae599c8f048cee1b7f01b08c43f908b2e
runtime_package/expanded_data/VALIDATION_REPORT.md,1423,9ed10e3d849b67920156a3144ad2b2e1ce6a71494b17253d5ad15654170a889e
runtime_package/expanded_data/artifacts/preprocessors/afp_benign_profile.parquet,3576,352062117c553546596affc2b9cfc2ff6253805c22057811beacbca464d182cf
runtime_package/expanded_data/artifacts/preprocessors/feature_mask.json,2852,5f332f52c7e1abba9f3306f50faedc3f6db0276f9e580749ba739bc85016224f
runtime_package/expanded_data/artifacts/preprocessors/feature_names.json,1462,fe36589ce33a64aa7a4eed643dcd0181469c0dc43e629943a0a6b79195b79046
runtime_package/expanded_data/artifacts/preprocessors/standard_scaler.joblib,2487,8999376cdf97c2047d9eb1a9ed245fb645bcb3af46b0c2e7cc07e3124a037fc2
runtime_package/expanded_data/artifacts/preprocessors/training_bounds.parquet,3552,9554f1b0287c88b5ef7b8de19d193184f2d76eec2b4d96f1fa525818cffb275b
runtime_package/expanded_data/artifacts/reports/evaluation_batches_report.md,1151,ddec2a629e39d95f47dd0a8c31232889c6b4fda4c3e44bb68df818310af432f0
runtime_package/expanded_data/artifacts/reports/preprocessing_report.md,1221,a1f2fc8af38e3144062ef252a6f55aa78681ab659c0b91f66a33a7af1b85566d
runtime_package/expanded_data/configs/attacks.yaml,5162,fbd596219990125d8a75da0b1d0e35bdd82c1429052407115ab2ab4f4f91cd2b
runtime_package/expanded_data/configs/defenses.yaml,1774,43c21344140233d8ba90d78eff345741ef825a68ee8232c9cf32220309f5a7ff
runtime_package/expanded_data/configs/experiment.yaml,1905,a1c5a389b1bc3c66311c7a96a7ccc3ee54af86506e64b38be7f26ad3c3d84c70
runtime_package/expanded_data/data/manifests/evaluation_batches.csv,6390312,4084017e5593732e455763416f7fc38254fc9dab2466eca289b66e68dc0ff79a
runtime_package/expanded_data/data/manifests/evaluation_partition_manifest.json,2102,0a188a34d4b817e0d205b2b52451367d0857335bc65f9159bfcca71c37fee21b
runtime_package/expanded_data/data/manifests/evaluation_roles.csv,8131391,cbf650879aa1369fa26b803777f30d4b0add9e7aff2c05d399ba7f42563f7b45
runtime_package/expanded_data/data/processed/X_eval.parquet,10066138,cd509adc96828fc9fbcf3d51546b394194a5f2b8bd71a9375395bf2ab28c3241
runtime_package/expanded_data/data/processed/metadata_eval.parquet,739359,b213bb0f110b2beeccbd0b2c17618e2a3b7ec6437ac3a78f25a3e4cb94726fca
runtime_package/expanded_data/docs/EXPERIMENT_PROTOCOL.md,5292,775fd2c5d409e9337aeb31251e111363d8b9f3b06148fce54bce5bc96bb59f1a
runtime_package/expanded_data/docs/IMPLEMENTATION_DECISIONS.md,7423,c8c96d2c039dff1fbf7b632429ab1927c21414e391354cac68971c8c81549cca
runtime_package/model/afp_benign_profile.parquet,3576,352062117c553546596affc2b9cfc2ff6253805c22057811beacbca464d182cf
runtime_package/model/feature_mask.json,3033,ee9bae9fbd552d5c92a43b9475ebaee79356f0d8b74de2d04c1c10689c158a55
runtime_package/model/feature_names.json,1541,4ee6b2d9127a423eb3f7da3cb1ab6d644b3a90a4a0e378fe780528b2b009148c
runtime_package/model/frozen_rf.joblib,55251670,9608672c5d5e38a9272c560679cdd2291399de0e0917c8c9dff373bfd200f51d
runtime_package/model/standard_scaler.joblib,2487,8999376cdf97c2047d9eb1a9ed245fb645bcb3af46b0c2e7cc07e3124a037fc2
runtime_package/model/training_bounds.parquet,3552,9554f1b0287c88b5ef7b8de19d193184f2d76eec2b4d96f1fa525818cffb275b
runtime_package/requirements.txt,147,f8aea942d2ed134dd7d6d642665cf072bdade8cdaa9b819b3b2becc0c6741a2d
runtime_package/run.py,11903,4b963d4a66146da55bade861e832148be21f7a20122052ad1cfbd18bd572f94d
runtime_package/tests/test_runtime_package.py,2677,8499432008eb5270669096349d67a20079e070d9b74e7f4504435629a97da99f
runtime_package/utils/config.py,2149,a0792db6ce8969064ab6dca4744e2ed27febd18e8be062daf2a69a2df769ece7
server.py,47687,43d88aa58c9ad46399505df74ff9b82f6b6149e800660ffe97ded9a92c07014f
tests/run_audit_tests.py,13565,bbd9e4b507773f83972004e496f48ab13254cfe157ffe8ffe344b8b7d20df1a0
tests/test_expanded_data_integration.py,35769,02905a1d877cd4593dedb6a76b748407bda6670ab71946eada56ad46a8edd261
tests/test_live_system.py,2357,733698bdc13fcb4046847213a47e65bc4182a4d1df304e6dfa74556af2564a9f
tests/test_master_directive.py,5615,5e69a229c7b52d39a864eb8bf80a7897776aa7894d189f361701f998df277ed4
tests/verify_defense_readiness.py,38500,e6da085274ab52ce7ae41d2ea61fbd386e2fbd7a82a253d54382d4d6438ae586
