defense_mechanism,controller_config,attack_scenario,precision_mean,precision_std,precision_min,precision_max,precision_n,recall_mean,recall_std,recall_min,recall_max,recall_n,f1_score_mean,f1_score_std,f1_score_min,f1_score_max,f1_score_n
afp,Base,SilentProbing,0.9991764891219743,0.003357364810349214,0.9841269841269841,1.0,720,0.8065967472260223,0.040688535887121145,0.6823529411764706,0.9411764705882353,720,0.892057027140258,0.025034012212091943,0.8111888111888113,0.9696969696969697,720
afp,C1,SilentProbing,0.9959003587697822,0.006986627544001456,0.9743589743589743,1.0,720,0.9369518543851652,0.028348552933968575,0.7906976744186046,0.9882352941176471,720,0.9652922435787711,0.01569409085422953,0.8831168831168831,0.9940828402366864,720
feature_squeezing,Base,SilentProbing,0.9986138903144712,0.003925745468933718,0.9866666666666667,1.0,720,0.931857045143639,0.026468292692078774,0.8705882352941177,0.9882352941176471,720,0.9638849123625002,0.014383366701237753,0.925,0.9940828402366864,720
feature_squeezing,C1,SilentProbing,0.9974197511675832,0.005035642629140326,0.9868421052631579,1.0,720,0.9393619851041191,0.024815649044505988,0.8705882352941177,0.9882352941176471,720,0.967350063896965,0.013584191940707176,0.9308176100628931,0.9940828402366864,720
randomized_smoothing,Base,SilentProbing,0.9994821372161932,0.002679643622245346,0.9846153846153847,1.0,720,0.8094626842985257,0.040457876090730274,0.6941176470588235,0.9176470588235294,720,0.8939393134203428,0.024765465966202143,0.8194444444444444,0.9570552147239264,720
randomized_smoothing,C1,SilentProbing,0.9963811051091317,0.006674471114594649,0.9743589743589743,1.0,720,0.9368378552971578,0.027907042325035977,0.813953488372093,0.9882352941176471,720,0.9654658051053946,0.01537459348027385,0.8974358974358974,0.9940828402366864,720
afp,Base,SurrogateTransfer,0.9993340106656606,0.0030443312571156317,0.9836065573770492,1.0,720,0.8061987004103965,0.04075192132226966,0.6823529411764706,0.9294117647058824,720,0.8918739724904378,0.025136878493554476,0.8111888111888113,0.9634146341463414,720
afp,C1,SurrogateTransfer,0.9960611172907117,0.007014107857370849,0.963855421686747,1.0,720,0.9364035187718498,0.02807483407835635,0.8023255813953488,0.9882352941176471,720,0.9650772397081013,0.015416956452588155,0.8903225806451612,0.9940828402366864,720
feature_squeezing,Base,SurrogateTransfer,0.9986138903144712,0.003925745468933718,0.9866666666666667,1.0,720,0.931857045143639,0.026468292692078774,0.8705882352941177,0.9882352941176471,720,0.9638849123625002,0.014383366701237753,0.925,0.9940828402366864,720
feature_squeezing,C1,SurrogateTransfer,0.9974197511675832,0.005035642629140326,0.9868421052631579,1.0,720,0.9392802857577139,0.024867657173608088,0.8705882352941177,0.9882352941176471,720,0.9673059012620873,0.013607264173958127,0.9308176100628931,0.9940828402366864,720
randomized_smoothing,Base,SurrogateTransfer,0.9994784273589326,0.0026988066759712974,0.984375,1.0,720,0.8106060951512388,0.039522236246681934,0.7058823529411765,0.9294117647058824,720,0.894664599667344,0.02414748566424072,0.8275862068965517,0.9634146341463414,720
randomized_smoothing,C1,SurrogateTransfer,0.9961207404538635,0.006890031678524588,0.9743589743589743,1.0,720,0.9369662942696458,0.0278620044596801,0.813953488372093,0.9882352941176471,720,0.9654139033708978,0.015434196988841575,0.8974358974358974,0.9940828402366864,720
afp,Base,DecisionBoundary,0.9993437022077283,0.003048207718056481,0.9838709677419355,1.0,720,0.7939667882656939,0.040210364836102234,0.6470588235294118,0.9411764705882353,720,0.8843371208676079,0.025101364589880076,0.7857142857142858,0.9696969696969697,720
afp,C1,DecisionBoundary,0.9952068467304738,0.007312791557646796,0.9642857142857143,1.0,720,0.9224525003799969,0.03065344819181161,0.7906976744186046,0.9882352941176471,720,0.957171629275357,0.017132720321290578,0.8831168831168831,0.9940828402366864,720
feature_squeezing,Base,DecisionBoundary,0.9985905820759795,0.003992177611924882,0.9861111111111112,1.0,720,0.9165990272077824,0.029324189711627955,0.8235294117647058,0.9882352941176471,720,0.9555932918457856,0.016177126805903806,0.9032258064516129,0.9940828402366864,720
feature_squeezing,C1,DecisionBoundary,0.9969777927690905,0.0057587101288657525,0.9746835443037974,1.0,720,0.924904430764554,0.027881205274912668,0.8352941176470589,0.9882352941176471,720,0.9593708287127694,0.015532545285252886,0.9102564102564102,0.9940828402366864,720
randomized_smoothing,Base,DecisionBoundary,0.9995364791897706,0.0025550131610731744,0.9846153846153847,1.0,720,0.7970120839033288,0.04054750749741825,0.6941176470588235,0.9294117647058824,720,0.886292075358633,0.025118628255295688,0.8194444444444444,0.9634146341463414,720
randomized_smoothing,C1,DecisionBoundary,0.9951919906501593,0.007350699631880258,0.972972972972973,1.0,720,0.922529449764402,0.03053375073440504,0.7790697674418605,0.9882352941176471,720,0.9572075877012025,0.01702216318264071,0.8758169934640523,0.9940828402366864,720
