defense,attack_scenario,precision,recall,f1_score
afp,SilentProbing,0.9991764891219743,0.8065967472260223,0.892057027140258
afp,SurrogateTransfer,0.9993340106656606,0.8061987004103965,0.8918739724904378
afp,DecisionBoundary,0.9993437022077283,0.7939667882656939,0.8843371208676079
feature_squeezing,SilentProbing,0.9986138903144712,0.931857045143639,0.9638849123625002
feature_squeezing,SurrogateTransfer,0.9986138903144712,0.931857045143639,0.9638849123625002
feature_squeezing,DecisionBoundary,0.9985905820759795,0.9165990272077824,0.9555932918457856
randomized_smoothing,SilentProbing,0.9994821372161932,0.8094626842985257,0.8939393134203428
randomized_smoothing,SurrogateTransfer,0.9994784273589326,0.8106060951512388,0.894664599667344
randomized_smoothing,DecisionBoundary,0.9995364791897706,0.7970120839033288,0.886292075358633
