n,mean,std,se,t,df,p_raw,ci_lower,ci_upper,cohen_dz,defense,metric,raw_decision,direction,shapiro_w,shapiro_p,wilcoxon_stat,wilcoxon_p,p_holm,holm_decision,is_supplementary
15,-0.0036082457051208163,0.0004936083358624024,0.0001274491242896161,-28.311263221561394,14,9.27342052726824e-14,-0.003881596890283855,-0.0033348945199577775,-7.309936731146789,afp,precision,significant,decreased,0.9252165628387039,0.2312097589783539,0.0,6.103515625e-05,2.7820261581804717e-13,significant,True
15,0.12965108373446466,0.0018038413389263955,0.00046574983099082786,278.37065116834776,14,1.3145602226786049e-27,0.12865214969705596,0.13065001777187335,71.87499306986166,afp,recall,significant,improved,0.9507157864949195,0.5357951354642787,0.0,6.103515625e-05,7.887361336071629e-27,significant,True
15,0.07274094829947113,0.0009254454954437816,0.00023894899944509586,304.42039292231925,14,3.758033705836876e-28,0.07222845366637022,0.07325344293257204,78.60100746893738,afp,f1_score,significant,improved,0.9694562182607924,0.8499209100126661,0.0,6.103515625e-05,2.6306235940858135e-27,significant,True
15,-0.0036407895800836254,0.0006016236863511112,0.0001553385678614512,-23.437769706560577,14,1.2401207057552559e-12,-0.003973957672552946,-0.0033076214876143046,-6.051606116383588,randomized_smoothing,precision,significant,decreased,0.8515511010690126,0.01826789961713114,0.0,6.103515625e-05,1.2401207057552559e-12,significant,True
15,0.12638764243561504,0.001403614013624471,0.0003624115799513951,348.74062923862846,14,5.606087543132922e-29,0.12561034690338835,0.12716493796784173,90.04444327914022,randomized_smoothing,recall,significant,improved,0.9442230174936447,0.4384431128791974,0.0,6.103515625e-05,4.484870034506338e-28,significant,True
15,0.07072244891421803,0.0007387805649871128,0.00019075232164645294,370.75537694003793,14,2.3796271583544078e-29,0.07031332587406147,0.07113157195437458,95.72862669370802,randomized_smoothing,f1_score,significant,improved,0.9473830079310204,0.48421798549504985,0.0,6.103515625e-05,2.141664442518967e-28,significant,True
15,-0.0013402198897497497,0.00020948153547718584,5.4087899882739924e-05,-24.778552923209897,14,5.790255699865409e-13,-0.0014562268973956338,-0.0012242128821038656,-6.3977948543140695,feature_squeezing,precision,significant,decreased,0.6320778215016427,5.095556498778179e-05,0.0,6.103515625e-05,1.1580511399730818e-12,significant,True
15,0.007745234015936505,0.00045264407550359273,0.00011687219774565781,66.27097090098373,14,6.861610522511034e-19,0.007494568082024023,0.007995899949848987,17.11109110910042,feature_squeezing,recall,significant,improved,0.7153527521422203,0.00036446526231208624,0.0,6.103515625e-05,2.7446442090044137e-18,significant,True
15,0.0035256802080339583,0.00019443987588734757,5.020416007668895e-05,70.22685376367885,14,3.0542142977345613e-19,0.0034180029938234253,0.0036333574222444914,18.13249567221812,feature_squeezing,f1_score,significant,improved,0.6903500703773897,0.0001963277164431637,0.0,6.103515625e-05,1.5271071488672807e-18,significant,True
