Relative Path,Size Bytes,SHA256,Role,Required
./.research_repo/artifacts/analysis/primary_paired_batch_differences.csv,1359081,75bc4710a0e52df26e42cf2a12cd9b4d1da4411361e6868675afa8f0edd1893b,Large Asset,False
./.research_repo/artifacts/analysis/sensitivity_batch_level.csv,4636877,95e3b59f4bf570a341dc869ac7955ee78eb33e618161ef4dd98ab058601d9a07,Large Asset,False
./.research_repo/artifacts/analysis/primary_batch_level.csv,2158893,912b884bfd6e56040dc73fc31abc4505752eddf7c9d29ce81742c5dcd68b2a36,Large Asset,False
./.research_repo/artifacts/analysis/controller_trace_summary.csv,3771469,2ce085e71861df3764d50e7a994afaa304fc50c43050e7eee76c9a0dac39216a,Large Asset,False
./.research_repo/data/manifests/evaluation_batches.csv,6390312,4084017e5593732e455763416f7fc38254fc9dab2466eca289b66e68dc0ff79a,Large Asset,False
./.research_repo/data/manifests/evaluation_roles.csv,8131391,cbf650879aa1369fa26b803777f30d4b0add9e7aff2c05d399ba7f42563f7b45,Large Asset,False
./runtime_state/traffic_history.sqlite3-wal,2488512,c1a19f027d8f8f22dc216ca836f8da95ae4660dfc22ef4d69516a6018c744fb2,Large Asset,False
./runtime_state/traffic_history.sqlite3,87052288,76b09147d2c623bb8616e004d817a87bb36d0dae2602e2a778cd02fc859bfe50,Large Asset,False
./runtime_package/geoip/dbip-city-lite.mmdb,126998165,9e250f02722d1ad1780f88192f0e908af285478a33e76b88b349c9181ae9d0f5,Large Asset,False
./runtime_package/expanded_data/data/manifests/evaluation_batches.csv,6390312,4084017e5593732e455763416f7fc38254fc9dab2466eca289b66e68dc0ff79a,Large Asset,False
./runtime_package/expanded_data/data/manifests/evaluation_roles.csv,8131391,cbf650879aa1369fa26b803777f30d4b0add9e7aff2c05d399ba7f42563f7b45,Large Asset,False
./runtime_package/expanded_data/data/processed/X_eval.parquet,10066138,cd509adc96828fc9fbcf3d51546b394194a5f2b8bd71a9375395bf2ab28c3241,Large Asset,False
./runtime_package/model/frozen_rf.joblib,55251670,9608672c5d5e38a9272c560679cdd2291399de0e0917c8c9dff373bfd200f51d,Large Asset,False
