Relative Path,Size Bytes,SHA256
CONFIG_COMPARISON.csv,202,aa5be594b39699c88925f5a23cda640dbbad33847a9b40a7947d4fbfefb0ba85
READ_FIRST.md,516,7821ddfc37a7ce260284a27325fd84079254be7a2cf0f945dd3d8db0fb40369a
OMISSIONS.md,243,f82dc0040bb9632f49b85741f54c0e3b830c9bdc1f22cbd9e545e8170f0ed7cd
VERIFICATION.md,564,f5542a6f3ee9ef89e9eb5a95652a7bf9b39c0a39abd4ce4f01506e905c452e19
git_evidence.txt,338,41a34905502468a4f3bad462f66beff2627dc2207fabf07647c71d91ad2a7dae
FRONTEND_RESULT_CHECK.csv,810,c0d317d7efb33419e8581cb370be49b5a2929e3f097cf3d50b9f54ead54be6e5
AUDIT_FINDINGS.md,2704,c862d00122cf12ea94ba7bdc04b915174d4e975354cd54bfc618ad902ba2b925
ASSET_HASHES.csv,526,74c734810c7152a1b7326376dade3abe92154a29f41b451f3c42b32d2aefdc36
src/server.py,93170,d3db6bfa92ab1e787394c8834f3883b42d77ea253e403cd01e55b0d07a1157bf
src/requirements.txt,231,4b89e039b454be88678468c0628506da0ea89ea2cf8e570c41e2b261bab05e77
src/traffic_history.py,10702,8fdaa12dbaf8b71ba3c2515cf3fe06e29e85a8111698eeb7d6f5defb505fe9f3
src/attacker_sim.py,57110,5b26f8a1e123d47899a7d20d9ff2145318660545d6294c33c1a81c0867a99b73
src/operator_benchmarks.py,33693,c57e70534afd2784619d90003a8efff27bbf432432ee604961ecdb2f18352d2d
src/frontend/index.html,28631,b74e6c88f9869d2a27aa9bb04b330409ce99ec171642032a003fb5393cce4a8a
src/frontend/explorer.html,27656,b81129ded49a6e3449fbd2c9153f75c007d8c39eacb800022bb0a0efb906c68b
src/frontend/results.js,41349,1e9cec7a50adca24098ac36f1db1d634d6c8a3a207a0d3e7c9ea139993bb3fd0
src/frontend/results.html,31968,c720a888cef608e37391ef31f1d8999c52674244cf699489c653747cf90d2233
src/frontend/style.css,33147,363fcec8ed4c153b80afe0ba6b623a423624ee55e769942756976dbea1ceef5c
src/frontend/utils.js,4812,252e48efaf0d082d742ff2e84efd47f9bae4b9ecb11660beee9de76250f444dc
src/frontend/sessions.html,9399,91f2fcd23ed7645cc7cc4b9edc5f6796767e4ffea3a2327e909d42db890d2abc
src/frontend/app.js,43847,9442e4a01715b5812d562ba10dc3d91c5a1872c5330639030a6d5989139ea5e6
src/frontend/export-modal.js,11426,a8ddab76a23539fb8de8c111dee99bf283f34431ab655d9de65a39022619909e
src/.research_repo/artifacts/analysis/phase11c_rq3_statistical_decisions.csv,1941,e86327a7cba21dfcf5004d27531d7563bc307470579767393ce626479322212d
src/.research_repo/artifacts/analysis/phase11c_rq4_sensitivity_summary.csv,16787,56bd787b87e4086a57e0e77ae72ce28d5043faf1cde8345eba580b876b16e105
src/.research_repo/artifacts/analysis/phase11c_rq1_base_performance.csv,844,cda9b04e25f07666658e99d75eeeed72f653580ec81d666daade521ca373a6c2
src/.research_repo/artifacts/analysis/phase11c_rq2_controller_performance.csv,845,c0df7a31f052e99500f9154e3620209c3a045d2f380c15abaed1af5497428aaa
src/.research_repo/configs/defenses.yaml,1774,43c21344140233d8ba90d78eff345741ef825a68ee8232c9cf32220309f5a7ff
src/.research_repo/configs/controllers.yaml,2879,9c81c9696ab740a1b56ae0152f84fbb8be983484fd284cf0ac7edbd6b4a1eb91
src/tests/run_audit_tests.py,13565,bbd9e4b507773f83972004e496f48ab13254cfe157ffe8ffe344b8b7d20df1a0
src/tests/verify_defense_readiness.py,38500,e6da085274ab52ce7ae41d2ea61fbd386e2fbd7a82a253d54382d4d6438ae586
src/tests/test_live_system.py,2754,98b35076b3876a0f173e119a068a6cde685aabae42098ef30d07546d7fc0192e
src/tests/test_targeted_attack_verdicts.py,16649,ba4f4aebf203d2810ca3af86e263e12c286d04295d1a38af5a449a7e4f9b9bb7
src/tests/test_expanded_data_integration.py,37330,906bca0cf92b63b61dcb4e311c406da40abe691212ffbd6d2fc422509fc8220b
src/tests/test_master_directive.py,5937,e6ace3cff40149017c3312c91e61a4475fd85a89d5755c90325cbc15f92b0df1
src/runtime_package/run.py,11637,3a04c558ad6f58169690451fc4d51e2fc5ad38a18be3524d012f272e18330515
src/runtime_package/requirements.txt,155,347a898aae791869c21e48bf8fcd0f70727d1eba580f37f8e54d5723d1bf0e6b
src/runtime_package/build_package.py,1240,d2871519625f32df93d326e178df51082cdfd0857128db004aed25d45654a6cc
src/runtime_package/data_loader.py,7606,213073eac1ec560534685f7491d4a20fd761c0dc381421d1ad14f143ef36f378
src/runtime_package/dashboard.py,1457,13d3a249dd128a2b4bdd434a63725ecc362bd78a6f89394a17afc532e58ddcdc
src/runtime_package/defenses/feature_squeezing.py,1158,699f7586a7317c4ad319e95d4169b0b1753f4bf88ba27300a189628ff9d9e34e
src/runtime_package/defenses/randomized_smoothing.py,5553,52a028f78559d0e1e62593ef1ed6f33fd3a57623ae6687749c84d27586274e18
src/runtime_package/defenses/__init__.py,322,6a142a1b8b23c4dda8c9ee1ff836902099dfe9d524020ab09c70300263b072bc
src/runtime_package/defenses/afp.py,3180,3f86b327c63c49c8e129eccb232cb3e61f86e3a47667ac9d53915808da885274
src/runtime_package/defenses/base.py,7953,9247cc45c55391e5fcf84cf3cb39fe0a1c7b64a327bdb526aa2acc382b29f89e
src/runtime_package/tests/test_runtime_package.py,2603,0dad51e59768e83e77e285c23599f991a1e362250e6c66a89ff0a9b1d353b4f4
src/runtime_package/geoip/resolver.py,7474,5d5eda060c41fc9fd41fe10308867662624427bce18af59de51789942ce544ea
src/runtime_package/utils/config.py,2084,d67196cd886ac3bb035d58977f0235e4e43cd5b32dd847d3792b1a75bc1014ba
src/runtime_package/controller/recall_controller.py,10096,1fe3e2264457c2eb8d9f03e9cf95212aca386d86ce5cf6b387583bc2b179f0a5
src/runtime_package/controller/__init__.py,184,8eb5376aa5a377f412c5f33787019f88601c2c1edae48163c2ff4aaab26a5134
src/runtime_package/configs/attacks.yaml,5162,fbd596219990125d8a75da0b1d0e35bdd82c1429052407115ab2ab4f4f91cd2b
src/runtime_package/configs/model.yaml,1193,5cc87521b7d194ca747c3f0280c21a4f20e5b2aa3ab930580b653d95ce2c34cd
src/runtime_package/configs/defenses.yaml,2202,b9b6bcf13bba5c249c36f7eecfc871e69862f3bef251250be6b3b1fbdf7981d1
src/runtime_package/configs/controllers.yaml,3226,326c7adfbfe52d9f47cdd0d765318c0251454f9e008a6b1f47fff6c7ef31d9f1
src/runtime_package/configs/experiment.yaml,1905,a1c5a389b1bc3c66311c7a96a7ccc3ee54af86506e64b38be7f26ad3c3d84c70
src/runtime_package/model/feature_mask.json,2852,5f332f52c7e1abba9f3306f50faedc3f6db0276f9e580749ba739bc85016224f
src/runtime_package/model/feature_names.json,1462,fe36589ce33a64aa7a4eed643dcd0181469c0dc43e629943a0a6b79195b79046
src/runtime_package/model/training_bounds.parquet,3552,9554f1b0287c88b5ef7b8de19d193184f2d76eec2b4d96f1fa525818cffb275b
src/runtime_package/model/afp_benign_profile.parquet,3576,352062117c553546596affc2b9cfc2ff6253805c22057811beacbca464d182cf
src/runtime_package/model/frozen_rf.joblib,55251670,9608672c5d5e38a9272c560679cdd2291399de0e0917c8c9dff373bfd200f51d
src/runtime_package/model/standard_scaler.joblib,2487,8999376cdf97c2047d9eb1a9ed245fb645bcb3af46b0c2e7cc07e3124a037fc2
src/runtime_package/attacks/silent_probing.py,838,3c4c33496d54d3474f014927d5a36c3cac2a1965d9ec6689e41cff57d2862026
src/runtime_package/attacks/surrogate_transfer.py,7912,27d7cb5e91d6bb477c2ef64d83ba23318c8c6f3089c7fbebf77a872889e21853
src/runtime_package/attacks/__init__.py,0,e3b0c44298fc1c149afbf4c8996fb92427ae41e4649b934ca495991b7852b855
src/runtime_package/attacks/oracle.py,3651,30daf54ccaa9b8ce8f0d103a9994be4d2c80af6f567a5ac1bf911955f56de11c
src/runtime_package/attacks/boundary_attack.py,6756,fc75a88855977eb9fac679fb47db4d66c6518e7053ca0fefd0de0cef17b02201
src/runtime_package/attacks/base.py,4811,84f150bd92dc670cc6da4fb5f0ace0a6534f7b80a489f63b069006786670e854
src/scratch/scrape_research_repo.py,3296,46a07193cc072c2ad32a0ee54ca6c3cd6c7a486cdc9ff0909fa9bc2f7f609088
