defense,metric,level,shapiro_w,shapiro_p,wilcoxon_stat,wilcoxon_p
afp,precision,run_level,0.9252165628387039,0.2312097589783539,0.0,6.103515625e-05
afp,recall,run_level,0.9507157864949195,0.5357951354642787,0.0,6.103515625e-05
afp,f1_score,run_level,0.9694562182607924,0.8499209100126661,0.0,6.103515625e-05
randomized_smoothing,precision,run_level,0.8515511010690126,0.01826789961713114,0.0,6.103515625e-05
randomized_smoothing,recall,run_level,0.9442230174936447,0.4384431128791974,0.0,6.103515625e-05
randomized_smoothing,f1_score,run_level,0.9473830079310204,0.48421798549504985,0.0,6.103515625e-05
feature_squeezing,precision,run_level,0.6320778215016427,5.095556498778179e-05,0.0,6.103515625e-05
feature_squeezing,recall,run_level,0.7153527521422203,0.00036446526231208624,0.0,6.103515625e-05
feature_squeezing,f1_score,run_level,0.6903500703773897,0.0001963277164431637,0.0,6.103515625e-05
