defense,metric,base_mean,c1_mean,c1_minus_base_mean,ci_95_lower,ci_95_upper,t_stat,df,p_raw,raw_decision,p_holm,cohen_dz,direction
afp,precision,0.9992847339984543,0.9957227742636559,-0.003561959734798555,-0.0038424472821926327,-0.003281472187404477,-24.903881958185234,2159,<.001,significant,<.001,-0.535846222666482,decreased
afp,recall,0.8022540786340374,0.9319359578456706,0.129681879211633,0.12810714137260448,0.1312566170506615,161.49633108789408,2159,<.001,significant,<.001,3.4748477820945163,improved
afp,f1_score,0.8894227068327679,0.9625137041874098,0.07309099735464189,0.07213422507148005,0.07404776963780373,149.8121134055195,2159,<.001,significant,<.001,3.223443445998411,improved
randomized_smoothing,precision,0.9994990145882988,0.9958979454043848,-0.0036010691839140786,-0.0038743058302126536,-0.0033278325376155035,-25.84545292476687,2159,<.001,significant,<.001,-0.5561056041822771,decreased
randomized_smoothing,recall,0.8056936211176977,0.9321111997770686,0.12641757865937073,0.12486205912310337,0.1279730981956381,159.37625815530575,2159,<.001,significant,<.001,3.4292310756464066,improved
randomized_smoothing,f1_score,0.8916319961487733,0.9626957653924983,0.07106376924372514,0.07011947621565959,0.07200806227179068,147.5818955026146,2159,<.001,significant,<.001,3.1754567971297205,improved
feature_squeezing,precision,0.9986061209016407,0.997272431701419,-0.0013336892002217503,-0.001534873112508558,-0.0011325052879349426,-13.00028919523297,2159,<.001,significant,<.001,-0.27972168638343065,decreased
feature_squeezing,recall,0.9267710391650201,0.9345155672087957,0.007744528043775646,0.007342478636357917,0.008146577451193375,37.775233604382024,2159,<.001,significant,<.001,0.812793614715924,improved
feature_squeezing,f1_score,0.9611210388569286,0.964675597957274,0.0035545591003453567,0.003318135794949153,0.00379098240574156,29.484046195023836,2159,<.001,significant,<.001,0.6343956660674304,improved
