n,mean,std,se,t,df,p_raw,ci_lower,ci_upper,cohen_dz,defense,metric,raw_decision,direction,p_holm,holm_decision
2160,-0.003561959734798555,0.00664735437916032,0.00014302829337126035,-24.903881958185234,2159,1.491073397297246e-120,-0.0038424472821926327,-0.003281472187404477,-0.535846222666482,afp,precision,significant,decreased,2.982146794594492e-120,significant
2160,0.129681879211633,0.037320161153495277,0.0008030020145848011,161.49633108789408,2159,0.0,0.12810714137260448,0.1312566170506615,3.4748477820945163,afp,recall,significant,improved,0.0,significant
2160,0.07309099735464189,0.02267481920471637,0.0004878844286562812,149.8121134055195,2159,0.0,0.07213422507148005,0.07404776963780373,3.223443445998411,afp,f1_score,significant,improved,0.0,significant
2160,-0.0036010691839140786,0.006475513206181863,0.00013933086003160307,-25.84545292476687,2159,1.4756884140994014e-128,-0.0038743058302126536,-0.0033278325376155035,-0.5561056041822771,randomized_smoothing,precision,significant,decreased,4.427065242298204e-128,significant
2160,0.12641757865937073,0.036864701115407086,0.0007932020749049202,159.37625815530575,2159,0.0,0.12486205912310337,0.1279730981956381,3.4292310756464066,randomized_smoothing,recall,significant,improved,0.0,significant
2160,0.07106376924372514,0.022379069779176124,0.00048152091421312684,147.5818955026146,2159,0.0,0.07011947621565959,0.07200806227179068,3.1754567971297205,randomized_smoothing,f1_score,significant,improved,0.0,significant
2160,-0.0013336892002217503,0.004767914913803235,0.0001025891947627439,-13.00028919523297,2159,2.936721543832008e-37,-0.001534873112508558,-0.0011325052879349426,-0.27972168638343065,feature_squeezing,precision,significant,decreased,2.936721543832008e-37,significant
2160,0.007744528043775646,0.009528283568618342,0.00020501601988444785,37.775233604382024,2159,3.65281986991128e-240,0.007342478636357917,0.008146577451193375,0.812793614715924,feature_squeezing,recall,significant,improved,1.8264099349556402e-239,significant
2160,0.0035545591003453567,0.005603063341179162,0.00012055872782295657,29.484046195023836,2159,7.505974914462242e-161,0.003318135794949153,0.00379098240574156,0.6343956660674304,feature_squeezing,f1_score,significant,improved,3.0023899657848966e-160,significant
