run_id,seed,attack_scenario,defense_mechanism,controller_config,TP,FP,TN,FN,accuracy,precision,recall,f1_score,balanced_accuracy
primary_42_SilentProbing_afp_Base,42,SilentProbing,afp,Base,9901,10,59733,2356,0.9671388888888889,0.9989910200787004,0.8077833074977564,0.8932695777697581,0.9038079619356114
primary_42_SilentProbing_afp_C1,42,SilentProbing,afp,C1,11496,50,59693,761,0.9887361111111111,0.9956694959293262,0.9379130292893857,0.9659286644540604,0.9685380555783587
primary_42_SilentProbing_feature_squeezing_Base,42,SilentProbing,feature_squeezing,Base,11422,16,59727,835,0.9881805555555555,0.9986011540479105,0.9318756628865138,0.9640852500527538,0.96580392454203
primary_42_SilentProbing_feature_squeezing_C1,42,SilentProbing,feature_squeezing,C1,11514,30,59713,743,0.9892638888888889,0.9974012474012474,0.939381577873868,0.9675223730095374,0.9694397134971335
primary_42_SilentProbing_randomized_smoothing_Base,42,SilentProbing,randomized_smoothing,Base,9915,7,59736,2342,0.967375,0.9992944970772022,0.8089255119523537,0.894089003111051,0.90440417170689
primary_42_SilentProbing_randomized_smoothing_C1,42,SilentProbing,randomized_smoothing,C1,11487,42,59701,770,0.9887222222222222,0.9963570127504554,0.9371787549971445,0.9658622719246616,0.9682378718828516
primary_42_SurrogateTransfer_afp_Base,42,SurrogateTransfer,afp,Base,9885,8,59735,2372,0.9669444444444445,0.9991913474173658,0.8064779309782165,0.8925507900677201,0.9031720120384947
primary_42_SurrogateTransfer_afp_C1,42,SurrogateTransfer,afp,C1,11476,43,59700,781,0.9885555555555555,0.9962670370691901,0.9362813086399608,0.9653432032301481,0.9677807795229331
primary_42_SurrogateTransfer_feature_squeezing_Base,42,SurrogateTransfer,feature_squeezing,Base,11422,16,59727,835,0.9881805555555555,0.9986011540479105,0.9318756628865138,0.9640852500527538,0.96580392454203
primary_42_SurrogateTransfer_feature_squeezing_C1,42,SurrogateTransfer,feature_squeezing,C1,11513,30,59713,744,0.98925,0.9974010222645759,0.9392999918413968,0.9674789915966387,0.9693989204808979
primary_42_SurrogateTransfer_randomized_smoothing_Base,42,SurrogateTransfer,randomized_smoothing,Base,9925,4,59739,2332,0.9675555555555555,0.9995971396918119,0.8097413722770662,0.8947083746506806,0.9048372094132264
primary_42_SurrogateTransfer_randomized_smoothing_C1,42,SurrogateTransfer,randomized_smoothing,C1,11484,44,59699,773,0.9886527777777778,0.9961832061068703,0.9369339968997308,0.9656506201387429,0.9680987544714914
primary_42_DecisionBoundary_afp_Base,42,DecisionBoundary,afp,Base,9712,4,59739,2545,0.9645972222222222,0.9995883079456567,0.7923635473606918,0.8839939926273154,0.8961482969550392
primary_42_DecisionBoundary_afp_C1,42,DecisionBoundary,afp,C1,11307,57,59686,950,0.9860138888888889,0.9949841605068638,0.9224932691523211,0.957368443334321,0.9607695912405396
primary_42_DecisionBoundary_feature_squeezing_Base,42,DecisionBoundary,feature_squeezing,Base,11236,16,59727,1021,0.9855972222222222,0.9985780305723427,0.916700660846863,0.9558892339104172,0.9582164235222046
primary_42_DecisionBoundary_feature_squeezing_C1,42,DecisionBoundary,feature_squeezing,C1,11338,35,59708,919,0.98675,0.9969225358304757,0.9250224361589295,0.9596275920440118,0.9622182967330308
primary_42_DecisionBoundary_randomized_smoothing_Base,42,DecisionBoundary,randomized_smoothing,Base,9757,4,59739,2500,0.9652222222222222,0.9995902059215245,0.7960349188218977,0.886274866018712,0.8979839826856422
primary_42_DecisionBoundary_randomized_smoothing_C1,42,DecisionBoundary,randomized_smoothing,C1,11310,56,59687,947,0.9860694444444444,0.9950730248108394,0.9227380272497349,0.9575413791643738,0.9609003394705732
primary_43_SilentProbing_afp_Base,43,SilentProbing,afp,Base,9884,8,59735,2373,0.9669305555555555,0.9991912656692277,0.8063963449457453,0.8925007901033908,0.9031312190222591
primary_43_SilentProbing_afp_C1,43,SilentProbing,afp,C1,11478,48,59695,779,0.9885138888888889,0.9958355023425299,0.9364444807049033,0.9652272631711728,0.9678205196487708
primary_43_SilentProbing_feature_squeezing_Base,43,SilentProbing,feature_squeezing,Base,11422,16,59727,835,0.9881805555555555,0.9986011540479105,0.9318756628865138,0.9640852500527538,0.96580392454203
primary_43_SilentProbing_feature_squeezing_C1,43,SilentProbing,feature_squeezing,C1,11514,30,59713,743,0.9892638888888889,0.9974012474012474,0.939381577873868,0.9675223730095374,0.9694397134971335
primary_43_SilentProbing_randomized_smoothing_Base,43,SilentProbing,randomized_smoothing,Base,9932,5,59738,2325,0.9676388888888889,0.9994968300291839,0.8103124745043648,0.8950166711723889,0.905114391345549
primary_43_SilentProbing_randomized_smoothing_C1,43,SilentProbing,randomized_smoothing,C1,11483,41,59702,774,0.9886805555555556,0.9964422075668171,0.9368524108672596,0.9657289432740424,0.9680830689992358
primary_43_SurrogateTransfer_afp_Base,43,SurrogateTransfer,afp,Base,9920,8,59735,2337,0.9674305555555556,0.9991941982272361,0.8093334421147099,0.8942979490646834,0.9045997676067414
primary_43_SurrogateTransfer_afp_C1,43,SurrogateTransfer,afp,C1,11477,46,59697,780,0.9885277777777778,0.9960079840319361,0.9363628946724321,0.9652649285113541,0.9677964649951887
primary_43_SurrogateTransfer_feature_squeezing_Base,43,SurrogateTransfer,feature_squeezing,Base,11422,16,59727,835,0.9881805555555555,0.9986011540479105,0.9318756628865138,0.9640852500527538,0.96580392454203
primary_43_SurrogateTransfer_feature_squeezing_C1,43,SurrogateTransfer,feature_squeezing,C1,11513,30,59713,744,0.98925,0.9974010222645759,0.9392999918413968,0.9674789915966387,0.9693989204808979
primary_43_SurrogateTransfer_randomized_smoothing_Base,43,SurrogateTransfer,randomized_smoothing,Base,9931,4,59739,2326,0.9676388888888889,0.9995973829894313,0.8102308884718936,0.8950072098053353,0.9050819675106401
primary_43_SurrogateTransfer_randomized_smoothing_C1,43,SurrogateTransfer,randomized_smoothing,C1,11485,43,59700,772,0.9886805555555556,0.9962699514226232,0.937015582932202,0.9657347067479504,0.9681479166690536
primary_43_DecisionBoundary_afp_Base,43,DecisionBoundary,afp,Base,9727,6,59737,2530,0.9647777777777777,0.99938354053221,0.7935873378477605,0.884674852205548,0.8967434538359201
primary_43_DecisionBoundary_afp_C1,43,DecisionBoundary,afp,C1,11293,51,59692,964,0.9859027777777778,0.9955042313117066,0.9213510646977238,0.9569933477395026,0.9602487041012011
primary_43_DecisionBoundary_feature_squeezing_Base,43,DecisionBoundary,feature_squeezing,Base,11238,16,59727,1019,0.985625,0.998578283277057,0.9168638329118055,0.9559780528263365,0.9582980095546758
primary_43_DecisionBoundary_feature_squeezing_C1,43,DecisionBoundary,feature_squeezing,C1,11340,35,59708,917,0.9867777777777778,0.9969230769230769,0.9251856082238721,0.9597156398104265,0.9622998827655022
primary_43_DecisionBoundary_randomized_smoothing_Base,43,DecisionBoundary,randomized_smoothing,Base,9786,5,59738,2471,0.9656111111111111,0.9994893269328976,0.7984009137635637,0.8876995645863571,0.8991586109751484
primary_43_DecisionBoundary_randomized_smoothing_C1,43,DecisionBoundary,randomized_smoothing,C1,11293,49,59694,964,0.9859305555555555,0.9956797742902487,0.9213510646977238,0.9570744523073011,0.9602654424638544
primary_44_SilentProbing_afp_Base,44,SilentProbing,afp,Base,9885,7,59736,2372,0.9669583333333334,0.9992923574605742,0.8064779309782165,0.8925910876337533,0.9031803812198215
primary_44_SilentProbing_afp_C1,44,SilentProbing,afp,C1,11474,43,59700,783,0.9885277777777778,0.9962663888165321,0.9361181365750184,0.9652561621939935,0.9676991934904619
primary_44_SilentProbing_feature_squeezing_Base,44,SilentProbing,feature_squeezing,Base,11422,16,59727,835,0.9881805555555555,0.9986011540479105,0.9318756628865138,0.9640852500527538,0.96580392454203
primary_44_SilentProbing_feature_squeezing_C1,44,SilentProbing,feature_squeezing,C1,11514,30,59713,743,0.9892638888888889,0.9974012474012474,0.939381577873868,0.9675223730095374,0.9694397134971335
primary_44_SilentProbing_randomized_smoothing_Base,44,SilentProbing,randomized_smoothing,Base,9906,4,59739,2351,0.9672916666666667,0.9995963673057517,0.8081912376601126,0.893760996075247,0.9040621421047496
primary_44_SilentProbing_randomized_smoothing_C1,44,SilentProbing,randomized_smoothing,C1,11481,43,59700,776,0.988625,0.996268656716418,0.936689238802317,0.9655607417686388,0.9679847446041112
primary_44_SurrogateTransfer_afp_Base,44,SurrogateTransfer,afp,Base,9866,7,59736,2391,0.9666944444444444,0.9992909956446875,0.804927796361263,0.8916403072751921,0.9024053139113447
primary_44_SurrogateTransfer_afp_C1,44,SurrogateTransfer,afp,C1,11479,49,59694,778,0.9885138888888889,0.9957494795281054,0.9365260667373746,0.9652301870927054,0.9678529434836798
primary_44_SurrogateTransfer_feature_squeezing_Base,44,SurrogateTransfer,feature_squeezing,Base,11422,16,59727,835,0.9881805555555555,0.9986011540479105,0.9318756628865138,0.9640852500527538,0.96580392454203
primary_44_SurrogateTransfer_feature_squeezing_C1,44,SurrogateTransfer,feature_squeezing,C1,11513,30,59713,744,0.98925,0.9974010222645759,0.9392999918413968,0.9674789915966387,0.9693989204808979
primary_44_SurrogateTransfer_randomized_smoothing_Base,44,SurrogateTransfer,randomized_smoothing,Base,9928,7,59736,2329,0.9675555555555555,0.9992954202315047,0.8099861303744799,0.894736842105263,0.9049344809179531
primary_44_SurrogateTransfer_randomized_smoothing_C1,44,SurrogateTransfer,randomized_smoothing,C1,11486,44,59699,771,0.9886805555555556,0.9961838681699914,0.9370971689646732,0.965737587758019,0.9681803405039626
primary_44_DecisionBoundary_afp_Base,44,DecisionBoundary,afp,Base,9728,8,59735,2529,0.9647638888888889,0.9991783073130649,0.7936689238802317,0.8846451143545673,0.8967675084895024
primary_44_DecisionBoundary_afp_C1,44,DecisionBoundary,afp,C1,11312,56,59687,945,0.9860972222222222,0.9950738916256158,0.9229011993146773,0.9576296296296296,0.9609819255030444
primary_44_DecisionBoundary_feature_squeezing_Base,44,DecisionBoundary,feature_squeezing,Base,11234,16,59727,1023,0.9855694444444445,0.9985777777777778,0.9165374887819205,0.9558003998808865,0.9581348374897334
primary_44_DecisionBoundary_feature_squeezing_C1,44,DecisionBoundary,feature_squeezing,C1,11337,33,59710,920,0.9867638888888889,0.9970976253298153,0.9249408501264583,0.9596647902823041,0.9621942420794487
primary_44_DecisionBoundary_randomized_smoothing_Base,44,DecisionBoundary,randomized_smoothing,Base,9759,5,59738,2498,0.9652361111111111,0.9994879147890209,0.7961980908868401,0.8863357704009808,0.8980571995367866
primary_44_DecisionBoundary_randomized_smoothing_C1,44,DecisionBoundary,randomized_smoothing,C1,11313,56,59687,944,0.9861111111111112,0.9950743249186385,0.9229827853471486,0.9576737492592906,0.9610227185192801
primary_45_SilentProbing_afp_Base,45,SilentProbing,afp,Base,9878,10,59733,2379,0.9668194444444445,0.9989886731391586,0.8059068287509178,0.8921201174079928,0.902869722562192
primary_45_SilentProbing_afp_C1,45,SilentProbing,afp,C1,11494,50,59693,763,0.9887083333333333,0.9956687456687456,0.9377498572244432,0.9658417713541448,0.9684564695458875
primary_45_SilentProbing_feature_squeezing_Base,45,SilentProbing,feature_squeezing,Base,11422,16,59727,835,0.9881805555555555,0.9986011540479105,0.9318756628865138,0.9640852500527538,0.96580392454203
primary_45_SilentProbing_feature_squeezing_C1,45,SilentProbing,feature_squeezing,C1,11514,30,59713,743,0.9892638888888889,0.9974012474012474,0.939381577873868,0.9675223730095374,0.9694397134971335
primary_45_SilentProbing_randomized_smoothing_Base,45,SilentProbing,randomized_smoothing,Base,9921,6,59737,2336,0.9674722222222222,0.9993955877908733,0.8094150281471812,0.8944284168770285,0.9046572989856305
primary_45_SilentProbing_randomized_smoothing_C1,45,SilentProbing,randomized_smoothing,C1,11483,45,59698,774,0.988625,0.9960964607911172,0.9368524108672596,0.9655665335295355,0.9680495922739291
primary_45_SurrogateTransfer_afp_Base,45,SurrogateTransfer,afp,Base,9895,5,59738,2362,0.967125,0.9994949494949495,0.8072937913029289,0.8931714582299047,0.903605049744831
primary_45_SurrogateTransfer_afp_C1,45,SurrogateTransfer,afp,C1,11473,46,59697,784,0.9884722222222222,0.9960065977949475,0.9360365505425471,0.9650908479138627,0.9676332929302461
primary_45_SurrogateTransfer_feature_squeezing_Base,45,SurrogateTransfer,feature_squeezing,Base,11422,16,59727,835,0.9881805555555555,0.9986011540479105,0.9318756628865138,0.9640852500527538,0.96580392454203
primary_45_SurrogateTransfer_feature_squeezing_C1,45,SurrogateTransfer,feature_squeezing,C1,11513,30,59713,744,0.98925,0.9974010222645759,0.9392999918413968,0.9674789915966387,0.9693989204808979
primary_45_SurrogateTransfer_randomized_smoothing_Base,45,SurrogateTransfer,randomized_smoothing,Base,9953,7,59736,2304,0.9679027777777778,0.99929718875502,0.8120257811862609,0.8959805554305261,0.9059543063238437
primary_45_SurrogateTransfer_randomized_smoothing_C1,45,SurrogateTransfer,randomized_smoothing,C1,11480,48,59695,777,0.9885416666666667,0.9958362248438585,0.9366076527698458,0.965314273701913,0.9679021056812421
primary_45_DecisionBoundary_afp_Base,45,DecisionBoundary,afp,Base,9755,9,59734,2502,0.965125,0.9990782466202376,0.7958717467569552,0.8859724808137686,0.8978605507465374
primary_45_DecisionBoundary_afp_C1,45,DecisionBoundary,afp,C1,11313,54,59689,944,0.9861388888888889,0.995249406175772,0.9229827853471486,0.9577548256010836,0.9610394568819334
primary_45_DecisionBoundary_feature_squeezing_Base,45,DecisionBoundary,feature_squeezing,Base,11231,16,59727,1026,0.9855277777777778,0.9985773984173557,0.9162927306845068,0.9556671204901293,0.9580124584410264
primary_45_DecisionBoundary_feature_squeezing_C1,45,DecisionBoundary,feature_squeezing,C1,11338,35,59708,919,0.98675,0.9969225358304757,0.9250224361589295,0.9596275920440118,0.9622182967330308
primary_45_DecisionBoundary_randomized_smoothing_Base,45,DecisionBoundary,randomized_smoothing,Base,9773,4,59739,2484,0.9654444444444444,0.9995908765469981,0.7973402953414376,0.8870835980757013,0.8986366709454121
primary_45_DecisionBoundary_randomized_smoothing_C1,45,DecisionBoundary,randomized_smoothing,C1,11311,57,59686,946,0.9860694444444444,0.9949859254046446,0.9228196132822061,0.9575449735449735,0.960932763305482
primary_46_SilentProbing_afp_Base,46,SilentProbing,afp,Base,9885,6,59737,2372,0.9669722222222222,0.9993933879284198,0.8064779309782165,0.8926313888387213,0.9031887504011482
primary_46_SilentProbing_afp_C1,46,SilentProbing,afp,C1,11478,48,59695,779,0.9885138888888889,0.9958355023425299,0.9364444807049033,0.9652272631711728,0.9678205196487708
primary_46_SilentProbing_feature_squeezing_Base,46,SilentProbing,feature_squeezing,Base,11422,16,59727,835,0.9881805555555555,0.9986011540479105,0.9318756628865138,0.9640852500527538,0.96580392454203
primary_46_SilentProbing_feature_squeezing_C1,46,SilentProbing,feature_squeezing,C1,11514,30,59713,743,0.9892638888888889,0.9974012474012474,0.939381577873868,0.9675223730095374,0.9694397134971335
primary_46_SilentProbing_randomized_smoothing_Base,46,SilentProbing,randomized_smoothing,Base,9935,4,59739,2322,0.9676944444444444,0.9995975450246504,0.8105572326017786,0.8952063434853127,0.9052451395755825
primary_46_SilentProbing_randomized_smoothing_C1,46,SilentProbing,randomized_smoothing,C1,11479,40,59703,778,0.9886388888888888,0.9965274763434326,0.9365260667373746,0.9655955585464334,0.96792826611562
primary_46_SurrogateTransfer_afp_Base,46,SurrogateTransfer,afp,Base,9843,5,59738,2414,0.9664027777777778,0.9994922826969943,0.8030513176144244,0.8905677448541053,0.9014838129005788
primary_46_SurrogateTransfer_afp_C1,46,SurrogateTransfer,afp,C1,11481,46,59697,776,0.9885833333333334,0.9960093693068448,0.936689238802317,0.9654389505549948,0.9679596370601311
primary_46_SurrogateTransfer_feature_squeezing_Base,46,SurrogateTransfer,feature_squeezing,Base,11422,16,59727,835,0.9881805555555555,0.9986011540479105,0.9318756628865138,0.9640852500527538,0.96580392454203
primary_46_SurrogateTransfer_feature_squeezing_C1,46,SurrogateTransfer,feature_squeezing,C1,11513,30,59713,744,0.98925,0.9974010222645759,0.9392999918413968,0.9674789915966387,0.9693989204808979
primary_46_SurrogateTransfer_randomized_smoothing_Base,46,SurrogateTransfer,randomized_smoothing,Base,9942,4,59739,2315,0.9677916666666667,0.9995978282726724,0.8111283348290773,0.8955546547763816,0.905530690689232
primary_46_SurrogateTransfer_randomized_smoothing_C1,46,SurrogateTransfer,randomized_smoothing,C1,11486,47,59696,771,0.9886388888888888,0.9959247377091823,0.9370971689646732,0.9656158049600672,0.9681552329599825
primary_46_DecisionBoundary_afp_Base,46,DecisionBoundary,afp,Base,9737,5,59738,2520,0.9649305555555555,0.9994867583658387,0.7944031981724728,0.8852220555479795,0.897159753179603
primary_46_DecisionBoundary_afp_C1,46,DecisionBoundary,afp,C1,11307,57,59686,950,0.9860138888888889,0.9949841605068638,0.9224932691523211,0.957368443334321,0.9607695912405396
primary_46_DecisionBoundary_feature_squeezing_Base,46,DecisionBoundary,feature_squeezing,Base,11236,16,59727,1021,0.9855972222222222,0.9985780305723427,0.916700660846863,0.9558892339104172,0.9582164235222046
primary_46_DecisionBoundary_feature_squeezing_C1,46,DecisionBoundary,feature_squeezing,C1,11331,35,59708,926,0.9866527777777778,0.9969206405067745,0.9244513339316309,0.9593193074545994,0.9619327456193816
primary_46_DecisionBoundary_randomized_smoothing_Base,46,DecisionBoundary,randomized_smoothing,Base,9771,5,59738,2486,0.9654027777777778,0.999488543371522,0.797177123276495,0.8869423138020242,0.898546715731614
primary_46_DecisionBoundary_randomized_smoothing_C1,46,DecisionBoundary,randomized_smoothing,C1,11310,58,59685,947,0.9860416666666667,0.9948979591836735,0.9227380272497349,0.9574603174603175,0.9608836011079198
