seed,attack_scenario,defense_mechanism,diff_accuracy,diff_precision,diff_recall,diff_f1_score,diff_balanced_accuracy,base_run_id,c1_run_id
42,SilentProbing,afp,0.021597222222222268,-0.0033215241493742553,0.1301297217916293,0.07265908668430232,0.06473009364274729,primary_42_SilentProbing_afp_Base,primary_42_SilentProbing_afp_C1
42,SilentProbing,feature_squeezing,0.001083333333333436,-0.0011999066466631403,0.007505914987354201,0.003437122956783556,0.003635788955103525,primary_42_SilentProbing_feature_squeezing_Base,primary_42_SilentProbing_feature_squeezing_C1
42,SilentProbing,randomized_smoothing,0.021347222222222184,-0.0029374843267467865,0.1282532430447908,0.07177326881361057,0.06383370017596157,primary_42_SilentProbing_randomized_smoothing_Base,primary_42_SilentProbing_randomized_smoothing_C1
42,SurrogateTransfer,afp,0.021611111111111025,-0.0029243103481757515,0.12980337766174432,0.07279241316242802,0.06460876748443833,primary_42_SurrogateTransfer_afp_Base,primary_42_SurrogateTransfer_afp_C1
42,SurrogateTransfer,feature_squeezing,0.0010694444444444562,-0.001200131783334557,0.007424328954882986,0.0033937415438849428,0.0035949959388679176,primary_42_SurrogateTransfer_feature_squeezing_Base,primary_42_SurrogateTransfer_feature_squeezing_C1
42,SurrogateTransfer,randomized_smoothing,0.021097222222222323,-0.0034139335849415753,0.12719262462266456,0.07094224548806227,0.06326154505826498,primary_42_SurrogateTransfer_randomized_smoothing_Base,primary_42_SurrogateTransfer_randomized_smoothing_C1
42,DecisionBoundary,afp,0.02141666666666664,-0.004604147438792894,0.1301297217916293,0.07337445070700566,0.06462129428550045,primary_42_DecisionBoundary_afp_Base,primary_42_DecisionBoundary_afp_C1
42,DecisionBoundary,feature_squeezing,0.0011527777777777803,-0.0016554947418669919,0.00832177531206657,0.003738358133594577,0.0040018732108262345,primary_42_DecisionBoundary_feature_squeezing_Base,primary_42_DecisionBoundary_feature_squeezing_C1
42,DecisionBoundary,randomized_smoothing,0.02084722222222224,-0.004517181110685109,0.12670310842783716,0.07126651314566179,0.06291635678493102,primary_42_DecisionBoundary_randomized_smoothing_Base,primary_42_DecisionBoundary_randomized_smoothing_C1
43,SilentProbing,afp,0.0215833333333334,-0.003355763326697736,0.13004813575915797,0.07272647306778202,0.06468930062651168,primary_43_SilentProbing_afp_Base,primary_43_SilentProbing_afp_C1
43,SilentProbing,feature_squeezing,0.001083333333333436,-0.0011999066466631403,0.007505914987354201,0.003437122956783556,0.003635788955103525,primary_43_SilentProbing_feature_squeezing_Base,primary_43_SilentProbing_feature_squeezing_C1
43,SilentProbing,randomized_smoothing,0.021041666666666625,-0.003054622462366763,0.12653993636289473,0.07071227210165343,0.06296867765368674,primary_43_SilentProbing_randomized_smoothing_Base,primary_43_SilentProbing_randomized_smoothing_C1
43,SurrogateTransfer,afp,0.02109722222222221,-0.0031862141952999634,0.12702945255772213,0.07096697944667074,0.06319669738844724,primary_43_SurrogateTransfer_afp_Base,primary_43_SurrogateTransfer_afp_C1
43,SurrogateTransfer,feature_squeezing,0.0010694444444444562,-0.001200131783334557,0.007424328954882986,0.0033937415438849428,0.0035949959388679176,primary_43_SurrogateTransfer_feature_squeezing_Base,primary_43_SurrogateTransfer_feature_squeezing_C1
43,SurrogateTransfer,randomized_smoothing,0.021041666666666625,-0.0033274315668081478,0.12678469446030838,0.07072749694261504,0.06306594915841357,primary_43_SurrogateTransfer_randomized_smoothing_Base,primary_43_SurrogateTransfer_randomized_smoothing_C1
43,DecisionBoundary,afp,0.02112500000000006,-0.0038793092205033908,0.1277637268499633,0.07231849553395464,0.06350525026528098,primary_43_DecisionBoundary_afp_Base,primary_43_DecisionBoundary_afp_C1
43,DecisionBoundary,feature_squeezing,0.0011527777777777803,-0.0016552063539800876,0.00832177531206657,0.003737586984089991,0.0040018732108263455,primary_43_DecisionBoundary_feature_squeezing_Base,primary_43_DecisionBoundary_feature_squeezing_C1
43,DecisionBoundary,randomized_smoothing,0.020319444444444446,-0.003809552642648928,0.12295015093416006,0.06937488772094402,0.06110683148870599,primary_43_DecisionBoundary_randomized_smoothing_Base,primary_43_DecisionBoundary_randomized_smoothing_C1
44,SilentProbing,afp,0.02156944444444442,-0.003025968644042143,0.1296402055968019,0.07266507456024018,0.06451881227064038,primary_44_SilentProbing_afp_Base,primary_44_SilentProbing_afp_C1
44,SilentProbing,feature_squeezing,0.001083333333333436,-0.0011999066466631403,0.007505914987354201,0.003437122956783556,0.003635788955103525,primary_44_SilentProbing_feature_squeezing_Base,primary_44_SilentProbing_feature_squeezing_C1
44,SilentProbing,randomized_smoothing,0.021333333333333315,-0.0033277105893337877,0.12849800114220444,0.07179974569339187,0.06392260249936166,primary_44_SilentProbing_randomized_smoothing_Base,primary_44_SilentProbing_randomized_smoothing_C1
44,SurrogateTransfer,afp,0.021819444444444502,-0.003541516116582044,0.1315982703761116,0.0735898798175133,0.06544762957233508,primary_44_SurrogateTransfer_afp_Base,primary_44_SurrogateTransfer_afp_C1
44,SurrogateTransfer,feature_squeezing,0.0010694444444444562,-0.001200131783334557,0.007424328954882986,0.0033937415438849428,0.0035949959388679176,primary_44_SurrogateTransfer_feature_squeezing_Base,primary_44_SurrogateTransfer_feature_squeezing_C1
44,SurrogateTransfer,randomized_smoothing,0.02112500000000006,-0.0031115520615133674,0.12711103859019335,0.07100074565275594,0.06324585958600948,primary_44_SurrogateTransfer_randomized_smoothing_Base,primary_44_SurrogateTransfer_randomized_smoothing_C1
44,DecisionBoundary,afp,0.021333333333333315,-0.0041044156874491255,0.1292322754344456,0.07298451527506233,0.06421441701354202,primary_44_DecisionBoundary_afp_Base,primary_44_DecisionBoundary_afp_C1
44,DecisionBoundary,feature_squeezing,0.001194444444444387,-0.0014801524479625128,0.008403361344537785,0.0038643904014176167,0.004059404589715321,primary_44_DecisionBoundary_feature_squeezing_Base,primary_44_DecisionBoundary_feature_squeezing_C1
44,DecisionBoundary,randomized_smoothing,0.020875000000000088,-0.004413589870382428,0.1267846944603085,0.07133797885830984,0.06296551898249347,primary_44_DecisionBoundary_randomized_smoothing_Base,primary_44_DecisionBoundary_randomized_smoothing_C1
45,SilentProbing,afp,0.021888888888888847,-0.0033199274704129866,0.13184302847352536,0.07372165394615204,0.06558674698369549,primary_45_SilentProbing_afp_Base,primary_45_SilentProbing_afp_C1
45,SilentProbing,feature_squeezing,0.001083333333333436,-0.0011999066466631403,0.007505914987354201,0.003437122956783556,0.003635788955103525,primary_45_SilentProbing_feature_squeezing_Base,primary_45_SilentProbing_feature_squeezing_C1
45,SilentProbing,randomized_smoothing,0.021152777777777798,-0.003299126999756097,0.12743738272007832,0.07113811665250702,0.06339229328829854,primary_45_SilentProbing_randomized_smoothing_Base,primary_45_SilentProbing_randomized_smoothing_C1
45,SurrogateTransfer,afp,0.021347222222222184,-0.003488351700002057,0.1287427592396182,0.07191938968395795,0.06402824318541511,primary_45_SurrogateTransfer_afp_Base,primary_45_SurrogateTransfer_afp_C1
45,SurrogateTransfer,feature_squeezing,0.0010694444444444562,-0.001200131783334557,0.007424328954882986,0.0033937415438849428,0.0035949959388679176,primary_45_SurrogateTransfer_feature_squeezing_Base,primary_45_SurrogateTransfer_feature_squeezing_C1
45,SurrogateTransfer,randomized_smoothing,0.020638888888888873,-0.003460963911161574,0.12458187158358491,0.0693337182713869,0.06194779935739847,primary_45_SurrogateTransfer_randomized_smoothing_Base,primary_45_SurrogateTransfer_randomized_smoothing_C1
45,DecisionBoundary,afp,0.021013888888888888,-0.003828840444465631,0.12711103859019346,0.07178234478731504,0.063178906135396,primary_45_DecisionBoundary_afp_Base,primary_45_DecisionBoundary_afp_C1
45,DecisionBoundary,feature_squeezing,0.0012222222222222356,-0.0016548625868799682,0.008729705474422755,0.003960471553882572,0.004205838292004382,primary_45_DecisionBoundary_feature_squeezing_Base,primary_45_DecisionBoundary_feature_squeezing_C1
45,DecisionBoundary,randomized_smoothing,0.020625000000000004,-0.004604951142353486,0.1254793179407685,0.07046137546927222,0.06229609236006994,primary_45_DecisionBoundary_randomized_smoothing_Base,primary_45_DecisionBoundary_randomized_smoothing_C1
46,SilentProbing,afp,0.02154166666666668,-0.003557885585889875,0.12996654972668675,0.07259587433245152,0.0646317692476226,primary_46_SilentProbing_afp_Base,primary_46_SilentProbing_afp_C1
46,SilentProbing,feature_squeezing,0.001083333333333436,-0.0011999066466631403,0.007505914987354201,0.003437122956783556,0.003635788955103525,primary_46_SilentProbing_feature_squeezing_Base,primary_46_SilentProbing_feature_squeezing_C1
46,SilentProbing,randomized_smoothing,0.020944444444444432,-0.0030700686812177302,0.125968834135596,0.07038921506112072,0.06268312654003749,primary_46_SilentProbing_randomized_smoothing_Base,primary_46_SilentProbing_randomized_smoothing_C1
46,SurrogateTransfer,afp,0.022180555555555537,-0.0034829133901495,0.13363792118789264,0.07487120570088956,0.06647582415955233,primary_46_SurrogateTransfer_afp_Base,primary_46_SurrogateTransfer_afp_C1
46,SurrogateTransfer,feature_squeezing,0.0010694444444444562,-0.001200131783334557,0.007424328954882986,0.0033937415438849428,0.0035949959388679176,primary_46_SurrogateTransfer_feature_squeezing_Base,primary_46_SurrogateTransfer_feature_squeezing_C1
46,SurrogateTransfer,randomized_smoothing,0.020847222222222128,-0.003673090563490078,0.1259688341355959,0.07006115018368553,0.06262454227075054,primary_46_SurrogateTransfer_randomized_smoothing_Base,primary_46_SurrogateTransfer_randomized_smoothing_C1
46,DecisionBoundary,afp,0.021083333333333343,-0.004502597858974888,0.12809007097984826,0.07214638778634153,0.06360983806093667,primary_46_DecisionBoundary_afp_Base,primary_46_DecisionBoundary_afp_C1
46,DecisionBoundary,feature_squeezing,0.0010555555555555873,-0.0016573900655681983,0.007750673084767956,0.0034300735441821217,0.003716322097176983,primary_46_DecisionBoundary_feature_squeezing_Base,primary_46_DecisionBoundary_feature_squeezing_C1
46,DecisionBoundary,randomized_smoothing,0.020638888888888873,-0.004590584187848523,0.12556090397323982,0.0705180036582933,0.06233688537630577,primary_46_DecisionBoundary_randomized_smoothing_Base,primary_46_DecisionBoundary_randomized_smoothing_C1
