file,valid_rows,invalid_rows
Friday-02-03-2018_TrafficForML_CICFlowMeter.csv,1044525,4050
Friday-16-02-2018_TrafficForML_CICFlowMeter.csv,1048574,1
Friday-23-02-2018_TrafficForML_CICFlowMeter.csv,1042867,5708
Thuesday-20-02-2018_TrafficForML_CICFlowMeter.csv,7889295,59453
Thursday-01-03-2018_TrafficForML_CICFlowMeter.csv,328180,2945
Thursday-15-02-2018_TrafficForML_CICFlowMeter.csv,1040548,8027
Thursday-22-02-2018_TrafficForML_CICFlowMeter.csv,1042965,5610
Wednesday-14-02-2018_TrafficForML_CICFlowMeter.csv,1044751,3824
Wednesday-21-02-2018_TrafficForML_CICFlowMeter.csv,1048575,0
Wednesday-28-02-2018_TrafficForML_CICFlowMeter.csv,606902,6202
